"","Site","Software","Keypoint Image Scale","Depth Map Quality","Filtering Mode","Alt (m)","Speed (m/s)","Forward Overlap","Side Overlap","Photo Count","Ortho Size (MB)","PC Size (MB)","Total Generation Time (min)","PC Total Number","X Error (m)","Y Error (m)","Z Error (m)","Total Error (m)","Initial Proc. Time (min)","Point Cloud Densification (min)","Ortho Generation (min)"
"1","Kaibab_high","OpenDroneMap",NA,"High","High",97,3,90,90,132,53.9,91.8,309.48,22003356,1.427,"1.0429999999999999",0.48,1.464,NA,NA,NA
"2","Kaibab_low","OpenDroneMap",NA,"High","High",99,4,90,90,153,56.3,98.3,400.04,26948103,0.037,"0.05",0.125,0.075,NA,NA,NA
"3","WA85-02","OpenDroneMap",NA,"High","High",80,4,90,85,144,53.2,101.7,295.83,27550605,0.037,"5.2999999999999999E-2",0.093,0.059,NA,NA,NA
"4","N1","OpenDroneMap",NA,"High","High",90,4,90,90,154,56.9,104.7,435.52,25934311,0.031,"0.02",0.068,0.049,NA,NA,NA
"5","SQ02-04","OpenDroneMap",NA,"High","High",80,90,85,4,157,60,109.8,333.9,30514077,0.064,"4.9000000000000002E-2",0.186,0.092,NA,NA,NA
"6","SQ09-02","OpenDroneMap",NA,"High","High",80,4,90,85,157,60.1,110,356.17,30886910,0.051,"4.2999999999999997E-2",0.148,0.083,NA,NA,NA
"7","Kaibab_low","OpenDroneMap",NA,"High","Low",99,4,90,90,153,57.3,97.5,206.2,25726495,0.202,"0.27500000000000002",0.565,0.309,NA,NA,NA
"8","WA85-02","OpenDroneMap",NA,"High","Low",80,4,90,85,144,53,100.6,181.2,27111440,2.24,"9..48",0.611,0.639,NA,NA,NA
"9","Kaibab_high","OpenDroneMap",NA,"High","Low",97,3,90,90,132,56.3,101.1,185.02,23876564,0.126,"1.1850000000000001",0.419,0.247,NA,NA,NA
"10","SQ09-02","OpenDroneMap",NA,"High","Low",80,4,90,85,157,59,105.2,210.74,29162550,0.198,"0.14399999999999999",0.513,0.296,NA,NA,NA
"11","SQ02-04","OpenDroneMap",NA,"High","Low",80,90,85,4,157,59.9,108.8,215.2,29642491,0.41,"0.32400000000000001",0.733,0.344,NA,NA,NA
"12","N1","OpenDroneMap",NA,"High","Low",90,4,90,90,154,59.2,125,223.84,29490437,0.186,"0.14299999999999999",0.603,0.298,NA,NA,NA
"13","WA85-02","OpenDroneMap",NA,"High","Lowest",80,4,90,85,144,53.1,95.7,181.93,26115859,0.276,"0.25700000000000001",0.816,0.457,NA,NA,NA
"14","Kaibab_high","OpenDroneMap",NA,"High","Lowest",97,3,90,90,132,55.7,99.8,186.5,23664748,0.202,"0.215",0.818,0.449,NA,NA,NA
"15","Kaibab_low","OpenDroneMap",NA,"High","Lowest",99,4,90,90,153,58.8,106.1,201.29,26427893,5.518,"1.4870000000000001",1.018,0.821,NA,NA,NA
"16","SQ02-04","OpenDroneMap",NA,"High","Lowest",80,90,85,4,157,59.7,108.8,195.31,29078568,0.417,"5.2190000000000003",1.161,0.837,NA,NA,NA
"17","SQ09-02","OpenDroneMap",NA,"High","Lowest",80,4,90,85,157,59.5,112.7,200.02,29502234,0.382,"0.29099999999999998",1.121,0.614,NA,NA,NA
"18","N1","OpenDroneMap",NA,"High","Lowest",90,4,90,90,154,58.8,124.8,208.23,29143075,0.458,"0.38200000000000001",14.732,1.07,NA,NA,NA
"19","Kaibab_low","OpenDroneMap",NA,"High","Medium",99,4,90,90,153,57.4,100.7,265.31,27024762,5.939,"7.9580000000000002",1.109,0.669,NA,NA,NA
"20","WA85-02","OpenDroneMap",NA,"High","Medium",80,4,90,85,144,53,102.6,219.81,27604373,0.284,"0.218",0.756,0.327,NA,NA,NA
"21","SQ09-02","OpenDroneMap",NA,"High","Medium",80,4,90,85,157,59.4,109.1,262.64,30311002,0.112,"9.5000000000000001E-2",0.307,0.161,NA,NA,NA
"22","N1","OpenDroneMap",NA,"High","Medium",90,4,90,90,154,57.9,109.6,260.06,26685319,0.075,"4.9000000000000002E-2",0.216,0.114,NA,NA,NA
"23","SQ02-04","OpenDroneMap",NA,"High","Medium",80,90,85,4,157,59.4,110.1,262.35,30293935,0.234,"0.11899999999999999",0.859,0.209,NA,NA,NA
"24","Kaibab_high","OpenDroneMap",NA,"High","Medium",97,3,90,90,132,54,90,219.29,21595107,0.078,"6.7000000000000004E-2",0.231,0.126,NA,NA,NA
"25","Kaibab_high","OpenDroneMap",NA,"High","Ultra",97,3,90,90,132,NA,NA,NA,NA,NA,NA,NA,NA,NA,NA,NA
"26","Kaibab_low","OpenDroneMap",NA,"High","Ultra",99,4,90,90,153,NA,NA,NA,NA,NA,NA,NA,NA,NA,NA,NA
"27","N1","OpenDroneMap",NA,"High","Ultra",90,4,90,90,154,NA,NA,NA,NA,NA,NA,NA,NA,NA,NA,NA
"28","SQ02-04","OpenDroneMap",NA,"High","Ultra",80,90,85,4,157,NA,NA,NA,NA,NA,NA,NA,NA,NA,NA,NA
"29","SQ09-02","OpenDroneMap",NA,"High","Ultra",80,4,90,85,157,NA,NA,NA,NA,NA,NA,NA,NA,NA,NA,NA
"30","WA85-02","OpenDroneMap",NA,"High","Ultra",80,4,90,85,144,NA,NA,NA,NA,NA,NA,NA,NA,NA,NA,NA
"31","Kaibab_high","OpenDroneMap",NA,"Low","High",97,3,90,90,132,52.4,23.4,194.96,5099052,0.042,"4.2000000000000003E-2",0.105,0.072,NA,NA,NA
"32","Kaibab_low","OpenDroneMap",NA,"Low","High",99,4,90,90,153,54.1,25.6,249.23,6449647,0.034,"0.11799999999999999",0.101,0.075,NA,NA,NA
"33","WA85-02","OpenDroneMap",NA,"Low","High",80,4,90,85,144,51.3,25.8,187.28,6601531,0.023,"3.3000000000000002E-2",0.077,0.056,NA,NA,NA
"34","N1","OpenDroneMap",NA,"Low","High",90,4,90,90,154,55.8,26.3,306.16,6018483,0.038,"5.3999999999999999E-2",0.149,0.06,NA,NA,NA
"35","SQ09-02","OpenDroneMap",NA,"Low","High",80,4,90,85,157,58.8,28.4,209.06,7600902,0.046,"5.2999999999999999E-2",0.137,0.079,NA,NA,NA
"36","SQ02-04","OpenDroneMap",NA,"Low","High",80,90,85,4,157,58.2,28.6,213.43,7630056,0.959,"1.3109999999999999",0.517,1.604,NA,NA,NA
"37","Kaibab_low","OpenDroneMap",NA,"Low","Low",99,4,90,90,153,55.7,24.7,75.83,5989625,0.357,"0.32100000000000001",0.908,0.317,NA,NA,NA
"38","Kaibab_high","OpenDroneMap",NA,"Low","Low",97,3,90,90,132,53.7,25.2,72.84,5375269,0.192,"0.112",0.579,0.245,NA,NA,NA
"39","WA85-02","OpenDroneMap",NA,"Low","Low",80,4,90,85,144,50.8,25.7,68.23,6540078,0.155,"0.187",0.642,0.318,NA,NA,NA
"40","SQ02-04","OpenDroneMap",NA,"Low","Low",80,90,85,4,157,57.7,27.9,75.33,7238586,2.34,"2.7269999999999999",0.609,0.411,NA,NA,NA
"41","SQ09-02","OpenDroneMap",NA,"Low","Low",80,4,90,85,157,57.4,28,75.35,7313203,0.36,"0.25800000000000001",0.824,0.351,NA,NA,NA
"42","N1","OpenDroneMap",NA,"Low","Low",90,4,90,90,154,57.4,30.6,82.64,6523960,0.197,"0.128",0.551,0.321,NA,NA,NA
"43","WA85-02","OpenDroneMap",NA,"Low","Lowest",80,4,90,85,144,50.9,24.5,60.98,6329609,0.242,"2.3159999999999998",0.98,0.593,NA,NA,NA
"44","Kaibab_high","OpenDroneMap",NA,"Low","Lowest",97,3,90,90,132,53.8,25,66.42,5350411,0.268,"0.28599999999999998",0.955,0.471,NA,NA,NA
"45","Kaibab_low","OpenDroneMap",NA,"Low","Lowest",99,4,90,90,153,56.1,26,66.5,5944719,2.973,"4.5430000000000001",0.858,0.768,NA,NA,NA
"46","SQ02-04","OpenDroneMap",NA,"Low","Lowest",80,90,85,4,157,58.4,28.6,68.79,7067809,0.347,"0.23300000000000001",1.036,0.591,NA,NA,NA
"47","SQ09-02","OpenDroneMap",NA,"Low","Lowest",80,4,90,85,157,58.4,28.7,67.44,7190353,0.5,"3.31",0.992,0.71,NA,NA,NA
"48","N1","OpenDroneMap",NA,"Low","Lowest",90,4,90,90,154,57.1,32,74.92,6748739,0.38,"0.25",1.078,0.557,NA,NA,NA
"49","Kaibab_high","OpenDroneMap",NA,"Low","Medium",97,3,90,90,132,51.9,23.3,109.29,5064521,5.664,"4.9139999999999997",0.176,0.446,NA,NA,NA
"50","Kaibab_low","OpenDroneMap",NA,"Low","Medium",99,4,90,90,153,55,24.9,128.39,6310354,0.071,"1.67",0.294,0.193,NA,NA,NA
"51","WA85-02","OpenDroneMap",NA,"Low","Medium",80,4,90,85,144,50.9,25.7,110.02,6560679,0.217,"0.22700000000000001",0.708,0.423,NA,NA,NA
"52","N1","OpenDroneMap",NA,"Low","Medium",90,4,90,90,154,56.3,26.6,131.6,5961588,0.087,"6.3E-2",1.04,0.146,NA,NA,NA
"53","SQ02-04","OpenDroneMap",NA,"Low","Medium",80,90,85,4,157,57.7,27.9,121.7,7433629,0.091,"8.2000000000000003E-2",0.253,0.158,NA,NA,NA
"54","SQ09-02","OpenDroneMap",NA,"Low","Medium",80,4,90,85,157,57.6,28.3,125.04,7555223,0.177,"0.106",0.295,0.172,NA,NA,NA
"55","Kaibab_high","OpenDroneMap",NA,"Low","Ultra",97,3,90,90,132,NA,NA,NA,NA,NA,NA,NA,NA,NA,NA,NA
"56","Kaibab_low","OpenDroneMap",NA,"Low","Ultra",99,4,90,90,153,NA,NA,NA,NA,NA,NA,NA,NA,NA,NA,NA
"57","N1","OpenDroneMap",NA,"Low","Ultra",90,4,90,90,154,NA,NA,NA,NA,NA,NA,NA,NA,NA,NA,NA
"58","SQ02-04","OpenDroneMap",NA,"Low","Ultra",80,90,85,4,157,NA,NA,NA,NA,NA,NA,NA,NA,NA,NA,NA
"59","SQ09-02","OpenDroneMap",NA,"Low","Ultra",80,4,90,85,157,NA,NA,NA,NA,NA,NA,NA,NA,NA,NA,NA
"60","WA85-02","OpenDroneMap",NA,"Low","Ultra",80,4,90,85,144,NA,NA,NA,NA,NA,NA,NA,NA,NA,NA,NA
"61","Kaibab_high","OpenDroneMap",NA,"Lowest","High",97,3,90,90,132,52.1,23.4,188.62,5099997,0.035,"4.4999999999999998E-2",0.102,0.072,NA,NA,NA
"62","Kaibab_low","OpenDroneMap",NA,"Lowest","High",99,4,90,90,153,54.3,25.1,254.23,6365466,0.534,"0.36599999999999999",0.662,0.888,NA,NA,NA
"63","WA85-02","OpenDroneMap",NA,"Lowest","High",80,4,90,85,144,51.2,25.9,184.54,6604171,0.036,"3.6999999999999998E-2",0.093,0.059,NA,NA,NA
"64","N1","OpenDroneMap",NA,"Lowest","High",90,4,90,90,154,55.8,26.2,291.7,6029938,0.067,"3.5999999999999997E-2",0.085,0.054,NA,NA,NA
"65","SQ02-04","OpenDroneMap",NA,"Lowest","High",80,90,85,4,157,58.1,27.9,211.9,7523826,0.042,"3.3000000000000002E-2",0.121,0.073,NA,NA,NA
"66","SQ09-02","OpenDroneMap",NA,"Lowest","High",80,4,90,85,157,58.4,28.2,212.6,7450548,0.04,"1.31",0.518,1.604,NA,NA,NA
"67","Kaibab_low","OpenDroneMap",NA,"Lowest","Low",99,4,90,90,153,55.9,24,76.16,5935693,0.313,"0.22700000000000001",0.713,0.31,NA,NA,NA
"68","Kaibab_high","OpenDroneMap",NA,"Lowest","Low",97,3,90,90,132,53.9,25.6,73.62,5458486,0.097,"0.13400000000000001",0.422,0.225,NA,NA,NA
"69","WA85-02","OpenDroneMap",NA,"Lowest","Low",80,4,90,85,144,52,26.2,27.42,6639138,0.166,"0.25600000000000001",0.871,0.391,NA,NA,NA
"70","SQ02-04","OpenDroneMap",NA,"Lowest","Low",80,90,85,4,157,58.2,28,77.08,7265608,1.009,"1.3120000000000001",0.516,1.624,NA,NA,NA
"71","SQ09-02","OpenDroneMap",NA,"Lowest","Low",80,4,90,85,157,57.7,28.2,74.92,7308541,0.23,"0.191",0.597,0.357,NA,NA,NA
"72","N1","OpenDroneMap",NA,"Lowest","Low",90,4,90,90,154,57.1,29.8,84.08,6488297,0.33,"0.124",0.59,0.33,NA,NA,NA
"73","WA85-02","OpenDroneMap",NA,"Lowest","Lowest",80,4,90,85,144,51.4,24.7,60.55,6381253,0.257,"0.26100000000000001",0.804,0.446,NA,NA,NA
"74","Kaibab_high","OpenDroneMap",NA,"Lowest","Lowest",97,3,90,90,132,54.1,25,66.11,5375218,0.198,"0.24399999999999999",0.67,0.423,NA,NA,NA
"75","Kaibab_low","OpenDroneMap",NA,"Lowest","Lowest",99,4,90,90,153,56.1,26.5,69.45,6123817,0.493,"1.3939999999999999",1.154,0.622,NA,NA,NA
"76","SQ02-04","OpenDroneMap",NA,"Lowest","Lowest",80,90,85,4,157,58.1,27.6,69.75,6953848,0.421,"0.22900000000000001",1.067,0.642,NA,NA,NA
"77","SQ09-02","OpenDroneMap",NA,"Lowest","Lowest",80,4,90,85,157,58.4,28.6,68.25,7111036,0.37,"0.27800000000000002",0.916,0.618,NA,NA,NA
"78","N1","OpenDroneMap",NA,"Lowest","Lowest",90,4,90,90,154,57.2,31.8,72.8,6729729,0.415,"0.27900000000000003",1.164,0.619,NA,NA,NA
"79","Kaibab_high","OpenDroneMap",NA,"Lowest","Medium",97,3,90,90,132,51.8,23.4,110.92,5087972,0.051,"5.7000000000000002E-2",0.168,0.12,NA,NA,NA
"80","WA85-02","OpenDroneMap",NA,"Lowest","Medium",80,4,90,85,144,50.8,25.6,110.48,6552826,0.152,"0.248",0.65,0.375,NA,NA,NA
"81","Kaibab_low","OpenDroneMap",NA,"Lowest","Medium",99,4,90,90,153,54.9,25.7,129,6526827,2.09,"9.593",0.23,0.448,NA,NA,NA
"82","N1","OpenDroneMap",NA,"Lowest","Medium",90,4,90,90,154,56.4,27.1,124.2,6112695,0.078,"5.8000000000000003E-2",0.194,0.118,NA,NA,NA
"83","SQ02-04","OpenDroneMap",NA,"Lowest","Medium",80,90,85,4,157,57.2,28.5,123.48,7458195,0.081,"7.4999999999999997E-2",0.328,0.16,NA,NA,NA
"84","SQ09-02","OpenDroneMap",NA,"Lowest","Medium",80,4,90,85,157,57.1,28.5,123.25,7498421,0.105,"8.6999999999999994E-2",0.344,0.171,NA,NA,NA
"85","Kaibab_high","OpenDroneMap",NA,"Lowest","Ultra",97,3,90,90,132,NA,NA,NA,NA,NA,NA,NA,NA,NA,NA,NA
"86","Kaibab_low","OpenDroneMap",NA,"Lowest","Ultra",99,4,90,90,153,NA,NA,NA,NA,NA,NA,NA,NA,NA,NA,NA
"87","N1","OpenDroneMap",NA,"Lowest","Ultra",90,4,90,90,154,NA,NA,NA,NA,NA,NA,NA,NA,NA,NA,NA
"88","SQ02-04","OpenDroneMap",NA,"Lowest","Ultra",80,90,85,4,157,NA,NA,NA,NA,NA,NA,NA,NA,NA,NA,NA
"89","SQ09-02","OpenDroneMap",NA,"Lowest","Ultra",80,4,90,85,157,NA,NA,NA,NA,NA,NA,NA,NA,NA,NA,NA
"90","WA85-02","OpenDroneMap",NA,"Lowest","Ultra",80,4,90,85,144,NA,NA,NA,NA,NA,NA,NA,NA,NA,NA,NA
"91","Kaibab_high","OpenDroneMap",NA,"Medium","High",97,3,90,90,132,52.7,23.1,190.6,5075463,0.033,"4.7E-2",0.139,0.073,NA,NA,NA
"92","Kaibab_low","OpenDroneMap",NA,"Medium","High",99,4,90,90,153,54.4,25.1,249.94,6395103,3.07,"1.9239999999999999",0.113,0.194,NA,NA,NA
"93","WA85-02","OpenDroneMap",NA,"Medium","High",80,4,90,85,144,51.2,26,195.91,6602565,0.025,"0.04",0.088,0.059,NA,NA,NA
"94","N1","OpenDroneMap",NA,"Medium","High",90,4,90,90,154,55.8,26.9,290.5,6203575,0.069,"2.9000000000000001E-2",0.093,0.057,NA,NA,NA
"95","SQ02-04","OpenDroneMap",NA,"Medium","High",80,90,85,4,157,58,28,202.18,7533092,0.057,"5.5E-2",0.16,0.09,NA,NA,NA
"96","SQ09-02","OpenDroneMap",NA,"Medium","High",80,4,90,85,157,57.5,28.3,206.915,7585591,0.05,"3.4000000000000002E-2",0.114,0.073,NA,NA,NA
"97","WA85-02","OpenDroneMap",NA,"Medium","Low",80,4,90,85,144,51.2,25.4,67.16,6501540,0.487,"0.40300000000000002",1.499,0.67,NA,NA,NA
"98","Kaibab_high","OpenDroneMap",NA,"Medium","Low",97,3,90,90,132,54.4,25.6,72.75,5435321,0.136,"0.13700000000000001",0.339,0.212,NA,NA,NA
"99","Kaibab_low","OpenDroneMap",NA,"Medium","Low",99,4,90,90,153,56,25.8,73.8,6125793,3.805,"0.245",6.393,0.549,NA,NA,NA
"100","SQ02-04","OpenDroneMap",NA,"Medium","Low",80,90,85,4,157,58.1,28.1,75.46,7300788,1.054,"0.2",0.565,0.37,NA,NA,NA
"101","SQ09-02","OpenDroneMap",NA,"Medium","Low",80,4,90,85,157,58.3,28.1,72.62,7301221,0.586,"0.36899999999999999",0.564,0.356,NA,NA,NA
"102","N1","OpenDroneMap",NA,"Medium","Low",90,4,90,90,154,57.1,30.1,83.66,6485517,0.223,"0.17599999999999999",0.581,0.287,NA,NA,NA
"103","WA85-02","OpenDroneMap",NA,"Medium","Lowest",80,4,90,85,144,50.7,24.6,59.97,6394391,0.248,"0.69099999999999995",1.355,0.528,NA,NA,NA
"104","Kaibab_high","OpenDroneMap",NA,"Medium","Lowest",97,3,90,90,132,53.9,24.9,67.16,5392110,0.19,"0.23599999999999999",0.656,0.409,NA,NA,NA
"105","Kaibab_low","OpenDroneMap",NA,"Medium","Lowest",99,4,90,90,153,56.2,26.3,67.53,6066426,0.316,"0.48199999999999998",1.13,0.592,NA,NA,NA
"106","SQ02-04","OpenDroneMap",NA,"Medium","Lowest",80,90,85,4,157,58.1,28.2,69.77,7067946,0.394,"0.37",1.358,0.654,NA,NA,NA
"107","SQ09-02","OpenDroneMap",NA,"Medium","Lowest",80,4,90,85,157,58.9,28.9,68.52,7193287,0.429,"0.215",0.934,0.624,NA,NA,NA
"108","N1","OpenDroneMap",NA,"Medium","Lowest",90,4,90,90,154,57.2,32,73.23,6778631,10.103,"0.53",1.203,0.942,NA,NA,NA
"109","Kaibab_high","OpenDroneMap",NA,"Medium","Medium",97,3,90,90,132,52.6,23.1,113.36,5026305,0.054,"8.4000000000000005E-2",0.25,0.126,NA,NA,NA
"110","Kaibab_low","OpenDroneMap",NA,"Medium","Medium",99,4,90,90,153,55,25.3,126.42,6413151,8.458,"10.571999999999999",0.264,0.677,NA,NA,NA
"111","WA85-02","OpenDroneMap",NA,"Medium","Medium",80,4,90,85,144,50.2,25.7,106.83,6551513,0.099,"0.14599999999999999",0.422,0.215,NA,NA,NA
"112","N1","OpenDroneMap",NA,"Medium","Medium",90,4,90,90,154,56.7,27,124.86,6049601,0.11,"1.595",0.213,0.176,NA,NA,NA
"113","SQ09-02","OpenDroneMap",NA,"Medium","Medium",80,4,90,85,157,57.1,27.8,117.94,7501580,0.099,"3.145",0.417,0.265,NA,NA,NA
"114","SQ02-04","OpenDroneMap",NA,"Medium","Medium",80,90,85,4,157,58.25,28,124.62,7427309,0.088,"7.0000000000000007E-2",0.385,0.166,NA,NA,NA
"115","Kaibab_high","OpenDroneMap",NA,"Medium","Ultra",97,3,90,90,132,NA,NA,NA,NA,NA,NA,NA,NA,NA,NA,NA
"116","Kaibab_low","OpenDroneMap",NA,"Medium","Ultra",99,4,90,90,153,NA,NA,NA,NA,NA,NA,NA,NA,NA,NA,NA
"117","N1","OpenDroneMap",NA,"Medium","Ultra",90,4,90,90,154,NA,NA,NA,NA,NA,NA,NA,NA,NA,NA,NA
"118","SQ02-04","OpenDroneMap",NA,"Medium","Ultra",80,90,85,4,157,NA,NA,NA,NA,NA,NA,NA,NA,NA,NA,NA
"119","SQ09-02","OpenDroneMap",NA,"Medium","Ultra",80,4,90,85,157,NA,NA,NA,NA,NA,NA,NA,NA,NA,NA,NA
"120","WA85-02","OpenDroneMap",NA,"Medium","Ultra",80,4,90,85,144,NA,NA,NA,NA,NA,NA,NA,NA,NA,NA,NA
"121","WA85-02","OpenDroneMap",NA,"Ultra","High",80,4,90,85,144,53.3,266.9,1327,81933903,0.033,"3.2000000000000001E-2",0.122,0.059,NA,NA,NA
"122","Kaibab_high","OpenDroneMap",NA,"Ultra","High",97,3,90,90,132,55.1,305.8,1432.98,84487574,0.038,"3.9E-2",0.113,0.075,NA,NA,NA
"123","Kaibab_low","OpenDroneMap",NA,"Ultra","High",99,4,90,90,153,57.2,333.9,1805.83,102328477,0.057,"3.7999999999999999E-2",0.186,0.071,NA,NA,NA
"124","SQ02-04","OpenDroneMap",NA,"Ultra","High",80,90,85,4,157,60.8,374,1416.17,122684022,1.922,"6.968",0.198,0.316,NA,NA,NA
"125","N1","OpenDroneMap",NA,"Ultra","High",90,4,90,90,154,59,430.3,1761.68,125108554,0.055,"2.7E-2",0.081,0.062,NA,NA,NA
"126","SQ09-02","OpenDroneMap",NA,"Ultra","High",80,4,90,85,157,60.6,436.1,1912.35,138738490,0.056,"4.2999999999999997E-2",0.161,0.084,NA,NA,NA
"127","Kaibab_low","OpenDroneMap",NA,"Ultra","Low",99,4,90,90,153,59,262.3,1561.56,78822952,0.201,"0.249",0.625,0.286,NA,NA,NA
"128","SQ02-04","OpenDroneMap",NA,"Ultra","Low",80,90,85,4,157,60.6,313.9,1597.96,98226565,0.21,"2.3780000000000001",0.574,0.405,NA,NA,NA
"129","WA85-02","OpenDroneMap",NA,"Ultra","Low",80,4,90,85,144,54.2,333.9,1155.06,103551347,0.131,"0.187",0.612,0.309,NA,NA,NA
"130","Kaibab_high","OpenDroneMap",NA,"Ultra","Low",97,3,90,90,132,56.8,372.6,1204.13,101472930,6.558,"0.126",0.363,0.431,NA,NA,NA
"131","SQ09-02","OpenDroneMap",NA,"Ultra","Low",80,4,90,85,157,60.2,373.3,1456.83,121185923,0.354,"0.17899999999999999",0.636,0.333,NA,NA,NA
"132","N1","OpenDroneMap",NA,"Ultra","Low",90,4,90,90,154,60,400.2,1621.15,111976862,0.19,"0.14199999999999999",0.629,0.336,NA,NA,NA
"133","WA85-02","OpenDroneMap",NA,"Ultra","Lowest",80,4,90,85,144,54.7,286.8,1282.7,82766217,0.254,"0.28799999999999998",1.246,0.474,NA,NA,NA
"134","Kaibab_low","OpenDroneMap",NA,"Ultra","Lowest",99,4,90,90,153,59.5,288.7,1469.04,82904020,4.285,"7.7549999999999999",1.358,1.057,NA,NA,NA
"135","Kaibab_high","OpenDroneMap",NA,"Ultra","Lowest",97,3,90,90,132,56.4,313.7,1174.92,83021486,0.296,"0.35599999999999998",1.118,0.526,NA,NA,NA
"136","SQ02-04","OpenDroneMap",NA,"Ultra","Lowest",80,90,85,4,157,60.4,362.2,1466.15,113398942,1.803,"0.36699999999999999",2.842,0.732,NA,NA,NA
"137","N1","OpenDroneMap",NA,"Ultra","Lowest",90,4,90,90,154,60.1,378.4,1330.75,106220127,0.523,"0.36299999999999999",1.052,0.618,NA,NA,NA
"138","SQ09-02","OpenDroneMap",NA,"Ultra","Lowest",80,4,90,85,157,60,437.4,1526.71,138005754,1.721,"4.149",1.203,0.804,NA,NA,NA
"139","SQ02-04","OpenDroneMap",NA,"Ultra","Medium",80,90,85,4,157,60.1,275.5,1369.3,88227679,0.122,"0.1",0.304,0.161,NA,NA,NA
"140","Kaibab_high","OpenDroneMap",NA,"Ultra","Medium",97,3,90,90,132,54.7,319.3,1464.7,86791892,0.065,"6.4000000000000001E-2",0.175,0.111,NA,NA,NA
"141","WA85-02","OpenDroneMap",NA,"Ultra","Medium",80,4,90,85,144,54.5,324.7,1263.85,102571281,0.222,"0.27200000000000002",0.77,0.364,NA,NA,NA
"142","N1","OpenDroneMap",NA,"Ultra","Medium",90,4,90,90,154,59.9,340.5,1644.25,96660351,0.078,"5.5E-2",0.155,0.105,NA,NA,NA
"143","SQ09-02","OpenDroneMap",NA,"Ultra","Medium",80,4,90,85,157,60.6,352.6,1531.85,114031258,0.095,"3.1949999999999998",0.352,0.27,NA,NA,NA
"144","Kaibab_low","OpenDroneMap",NA,"Ultra","Medium",99,4,90,90,153,59,391,1716.05,117457438,3.02,"4.4269999999999996",0.288,0.326,NA,NA,NA
"145","Kaibab_high","OpenDroneMap",NA,"Ultra","Ultra",97,3,90,90,132,NA,NA,NA,NA,NA,NA,NA,NA,NA,NA,NA
"146","Kaibab_low","OpenDroneMap",NA,"Ultra","Ultra",99,4,90,90,153,NA,NA,NA,NA,NA,NA,NA,NA,NA,NA,NA
"147","N1","OpenDroneMap",NA,"Ultra","Ultra",90,4,90,90,154,NA,NA,NA,NA,NA,NA,NA,NA,NA,NA,NA
"148","SQ02-04","OpenDroneMap",NA,"Ultra","Ultra",80,90,85,4,157,NA,NA,NA,NA,NA,NA,NA,NA,NA,NA,NA
"149","SQ09-02","OpenDroneMap",NA,"Ultra","Ultra",80,4,90,85,157,NA,NA,NA,NA,NA,NA,NA,NA,NA,NA,NA
"150","WA85-02","OpenDroneMap",NA,"Ultra","Ultra",80,4,90,85,144,NA,NA,NA,NA,NA,NA,NA,NA,NA,NA,NA
"151","Kaibab_high","Pix4D","Double","Eighth","High",97,3,90,90,132,NA,18.454,8.94,2809189,0.177,"0.17799999999999999",0.285,NA,5.73,3.21,12.65
"152","Kaibab_high","Pix4D","Double","Eighth","Low",97,3,90,90,132,NA,1.338,4.49,196985,0.177,"0.17799999999999999",0.285,NA,3.2,1.29,13.02
"153","Kaibab_high","Pix4D","Double","Eighth","Optimal",97,3,90,90,132,NA,5.153,6.01,775733,0.177,"0.17799999999999999",0.285,NA,3.8,2.21,18.79
"154","Kaibab_high","Pix4D","Double","Half","High",97,3,90,90,132,NA,288.217,43.78,44835767,0.176,"0.17799999999999999",0.284,NA,4.82,38.96,33.22
"155","Kaibab_high","Pix4D","Double","Half","Low",97,3,90,90,132,NA,22.514,10.94,3431954,0.176,"0.17799999999999999",0.284,NA,3.59,7.35,18.7
"156","Kaibab_high","Pix4D","Double","Half","Optimal",97,3,90,90,132,NA,82.724,31.08,12664468,0.176,"0.17799999999999999",0.284,NA,12.96,18.12,22.6
"157","Kaibab_high","Pix4D","Double","Original","High",97,3,90,90,132,NA,1260.533,351.76,195645465,0.176,"0.17799999999999999",0.284,NA,3.43,348.33,338.95
"158","Kaibab_high","Pix4D","Double","Original","Low",97,3,90,90,132,NA,92.448,29.31,14175242,0.176,"0.17799999999999999",0.284,NA,9.27,20.04,39.17
"159","Kaibab_high","Pix4D","Double","Original","Optimal",97,3,90,90,132,NA,321.721,113.34,50088197,0.176,"0.17799999999999999",0.284,NA,17.12,96.22,130
"160","Kaibab_high","Pix4D","Double","Quarter","High",97,3,90,90,132,NA,74.845,34.9,11445023,0.176,"0.17799999999999999",0.284,NA,17.85,17.05,36.25
"161","Kaibab_high","Pix4D","Double","Quarter","Low",97,3,90,90,132,NA,5.592,6.55,842604,0.176,"0.17799999999999999",0.284,NA,4.5,2.05,10.65
"162","Kaibab_high","Pix4D","Double","Quarter","Optimal",97,3,90,90,132,NA,20.821,5.95,3168989,0.176,"0.17799999999999999",0.284,NA,2.91,3.04,10.59
"163","Kaibab_high","Pix4D","Eighth","Eighth","High",97,3,90,90,132,NA,15.223,3.82,2311397,0.18,"0.17599999999999999",0.272,NA,0.54,3.28,15.96
"164","Kaibab_high","Pix4D","Eighth","Eighth","Low",97,3,90,90,132,NA,0.961,2.1,141499,0.18,"0.17599999999999999",0.272,NA,0.67,1.43,14.96
"165","Kaibab_high","Pix4D","Eighth","Eighth","Optimal",97,3,90,90,132,NA,4.102,2.64,615062,0.18,"0.17599999999999999",0.272,NA,0.68,1.96,15.5
"166","Kaibab_high","Pix4D","Eighth","Half","High",97,3,90,90,132,NA,245.544,56.64,38096729,0.18,"0.17599999999999999",0.272,NA,0.68,55.96,41.48
"167","Kaibab_high","Pix4D","Eighth","Half","Low",97,3,90,90,132,NA,19.087,5.9,2908629,0.18,"0.17599999999999999",0.272,NA,1.07,4.83,13.52
"168","Kaibab_high","Pix4D","Eighth","Half","Optimal",97,3,90,90,132,NA,69.623,14.23,10688560,0.18,"0.17599999999999999",0.272,NA,0.83,13.4,18.67
"169","Kaibab_high","Pix4D","Eighth","Original","High",97,3,90,90,132,NA,977.313,209.97,154062074,0.18,"0.17599999999999999",0.272,NA,0.59,209.38,373.98
"170","Kaibab_high","Pix4D","Eighth","Original","Low",97,3,90,90,132,NA,78.339,15.64,11948877,0.18,"0.17599999999999999",0.272,NA,0.55,15.09,19.07
"171","Kaibab_high","Pix4D","Eighth","Original","Optimal",97,3,90,90,132,NA,264.178,37.37,40989638,0.18,"0.17599999999999999",0.272,NA,1.02,36.35,26.12
"172","Kaibab_high","Pix4D","Eighth","Quarter","High",97,3,90,90,132,NA,60.674,9.01,9276860,0.18,"0.17599999999999999",0.272,NA,0.83,8.18,10.64
"173","Kaibab_high","Pix4D","Eighth","Quarter","Low",97,3,90,90,132,NA,4.413,2.19,664824,0.18,"0.17599999999999999",0.272,NA,0.86,1.33,7.02
"174","Kaibab_high","Pix4D","Eighth","Quarter","Optimal",97,3,90,90,132,NA,16.807,5.42,2558158,0.18,"0.17599999999999999",0.272,NA,1.04,4.38,10.22
"175","Kaibab_high","Pix4D","Half","Eighth","High",97,3,90,90,132,NA,18.17,6.25,2758503,0.113,"0.114",0.183,NA,3.73,2.52,9.86
"176","Kaibab_high","Pix4D","Half","Eighth","Low",97,3,90,90,132,NA,1.335,4.2,195914,0.113,"0.114",0.183,NA,3.07,1.13,13.54
"177","Kaibab_high","Pix4D","Half","Eighth","Optimal",97,3,90,90,132,NA,5.059,6.78,759384,0.113,"0.114",0.183,NA,4.8,1.98,9.8
"178","Kaibab_high","Pix4D","Half","Half","High",97,3,90,90,132,NA,286.414,39.38,44475685,0.113,"0.114",0.183,NA,3.52,35.86,38.6
"179","Kaibab_high","Pix4D","Half","Half","Low",97,3,90,90,132,NA,22.815,7.19,3470740,0.113,"0.114",0.183,NA,3.59,3.6,13.07
"180","Kaibab_high","Pix4D","Half","Half","Optimal",97,3,90,90,132,NA,83.232,28.27,12713312,0.113,"0.114",0.183,NA,13.12,15.15,18.43
"181","Kaibab_high","Pix4D","Half","Original","High",97,3,90,90,132,NA,1154.31,209.52,182501520,0.113,"0.114",0.183,NA,4.57,204.95,349.82
"182","Kaibab_high","Pix4D","Half","Original","Low",97,3,90,90,132,NA,93.65,85.28,14334135,0.113,"0.114",0.183,NA,10.9,74.38,64.4
"183","Kaibab_high","Pix4D","Half","Original","Optimal",97,3,90,90,132,NA,318.535,181.56,49530272,0.113,"0.114",0.183,NA,5.46,176.1,134.75
"184","Kaibab_high","Pix4D","Half","Quarter","High",97,3,90,90,132,NA,72.55,13.29,11071658,0.113,"0.114",0.183,NA,4.27,9.02,9.25
"185","Kaibab_high","Pix4D","Half","Quarter","Low",97,3,90,90,132,NA,5.484,6.21,823689,0.113,"0.114",0.183,NA,3.96,2.25,7.88
"186","Kaibab_high","Pix4D","Half","Quarter","Optimal",97,3,90,90,132,NA,20.354,7.13,3089527,0.113,"0.114",0.183,NA,4.3,2.83,8.82
"187","Kaibab_high","Pix4D","Original","Eighth","High",97,3,90,90,132,NA,18.404,8.26,2796224,0.151,"0.153",0.244,NA,3.93,4.33,17.5
"188","Kaibab_high","Pix4D","Original","Eighth","Low",97,3,90,90,132,NA,1.35,3.77,198361,0.151,"0.153",0.244,NA,2.67,1.1,13.46
"189","Kaibab_high","Pix4D","Original","Eighth","Optimal",97,3,90,90,132,NA,5.121,5.86,769306,0.151,"0.153",0.244,NA,3.65,2.21,19.38
"190","Kaibab_high","Pix4D","Original","Half","High",97,3,90,90,132,NA,287.407,71.29,44627499,0.151,"0.153",0.244,NA,4,67.29,53.42
"191","Kaibab_high","Pix4D","Original","Half","Low",97,3,90,90,132,NA,22.496,9.73,3424228,0.151,"0.153",0.244,NA,3.33,6.4,15.55
"192","Kaibab_high","Pix4D","Original","Half","Optimal",97,3,90,90,132,NA,86.679,25.24,12637560,0.151,"0.153",0.244,NA,4.1,21.14,21.09
"193","Kaibab_high","Pix4D","Original","Original","High",97,3,90,90,132,NA,1192.168,254.16,188696841,0.151,"0.153",0.244,NA,3.85,250.31,484.86
"194","Kaibab_high","Pix4D","Original","Original","Low",97,3,90,90,132,NA,93.003,36.03,14242486,0.151,"0.153",0.244,NA,3.88,32.15,23.12
"195","Kaibab_high","Pix4D","Original","Original","Optimal",97,3,90,90,132,NA,319.046,102.87,49613411,0.151,"0.153",0.244,NA,3.73,99.14,59.38
"196","Kaibab_high","Pix4D","Original","Quarter","High",97,3,90,90,132,NA,73.713,17.41,11255170,0.151,"0.153",0.244,NA,2.93,14.48,18.14
"197","Kaibab_high","Pix4D","Original","Quarter","Low",97,3,90,90,132,NA,5.527,5.01,831229,0.151,"0.153",0.244,NA,2.64,2.37,19.15
"198","Kaibab_high","Pix4D","Original","Quarter","Optimal",97,3,90,90,132,NA,20.435,8.99,3104786,0.151,"0.153",0.244,NA,4.04,4.95,16.25
"199","Kaibab_high","Pix4D","Quarter","Eighth","High",97,3,90,90,132,NA,17.574,5.82,2669025,0.117,"0.11799999999999999",0.188,NA,2.2,3.62,14.17
"200","Kaibab_high","Pix4D","Quarter","Eighth","Low",97,3,90,90,132,NA,1.196,3.16,175365,0.117,"0.11799999999999999",0.188,NA,1.64,1.52,15.62
"201","Kaibab_high","Pix4D","Quarter","Eighth","Optimal",97,3,90,90,132,NA,4.771,4.26,715724,0.117,"0.11799999999999999",0.188,NA,2.17,2.09,13.27
"202","Kaibab_high","Pix4D","Quarter","Half","High",97,3,90,90,132,NA,268.987,52.45,43258346,0.117,"0.11799999999999999",0.188,NA,1.4,51.05,45.8
"203","Kaibab_high","Pix4D","Quarter","Half","Low",97,3,90,90,132,NA,22.023,7.53,3353868,0.117,"0.11799999999999999",0.188,NA,1.3,6.23,16.65
"204","Kaibab_high","Pix4D","Quarter","Half","Optimal",97,3,90,90,132,NA,80.109,21.29,12260165,0.117,"0.11799999999999999",0.188,NA,1.88,19.41,19.71
"205","Kaibab_high","Pix4D","Quarter","Original","High",97,3,90,90,132,NA,1145.728,273.83,177507923,0.117,"0.11799999999999999",0.188,NA,1.48,272.35,368.75
"206","Kaibab_high","Pix4D","Quarter","Original","Low",97,3,90,90,132,NA,90.575,30.73,13883068,0.117,"0.11799999999999999",0.188,NA,1.85,28.88,21.82
"207","Kaibab_high","Pix4D","Quarter","Original","Optimal",97,3,90,90,132,NA,313.171,103.52,48094190,0.117,"0.11799999999999999",0.188,NA,1.77,101.75,57.07
"208","Kaibab_high","Pix4D","Quarter","Quarter","High",97,3,90,90,132,NA,69.917,17.26,10679902,0.117,"0.11799999999999999",0.188,NA,1.88,15.38,20.1
"209","Kaibab_high","Pix4D","Quarter","Quarter","Low",97,3,90,90,132,NA,5.066,4.42,761205,0.117,"0.11799999999999999",0.188,NA,1.9,2.52,18.59
"210","Kaibab_high","Pix4D","Quarter","Quarter","Optimal",97,3,90,90,132,NA,19.554,7.28,2969374,0.117,"0.11799999999999999",0.188,NA,1.86,5.42,16.95
"211","Kaibab_low","Pix4D","Double","Eighth","High",99,4,90,90,153,NA,17.198,11.8,2627628,0.133,"0.13400000000000001",0.214,NA,7.71,4.09,19.4
"212","Kaibab_low","Pix4D","Double","Eighth","Low",99,4,90,90,153,NA,1.305,8.47,194876,0.133,"0.13400000000000001",0.214,NA,6.59,1.88,17.55
"213","Kaibab_low","Pix4D","Double","Eighth","Optimal",99,4,90,90,153,NA,4.733,9.72,717298,0.133,"0.13400000000000001",0.214,NA,7.37,2.35,20.19
"214","Kaibab_low","Pix4D","Double","Half","High",99,4,90,90,153,NA,303.005,63.37,47148015,0.133,"0.13400000000000001",0.214,NA,6.33,57.04,25.17
"215","Kaibab_low","Pix4D","Double","Half","Low",99,4,90,90,153,NA,15.001,11.1,2401090,0.133,"0.13400000000000001",0.214,NA,6.67,4.43,18.83
"216","Kaibab_low","Pix4D","Double","Half","Optimal",99,4,90,90,153,NA,56.514,16.91,8999625,0.133,"0.13400000000000001",0.214,NA,7.09,9.82,14.04
"217","Kaibab_low","Pix4D","Double","Original","High",99,4,90,90,153,NA,1239.115,252.08,197430145,0.133,"0.13400000000000001",0.214,NA,6.86,245.22,42.46
"218","Kaibab_low","Pix4D","Double","Original","Low",99,4,90,90,153,NA,102.73,42.16,15850355,0.133,"0.13400000000000001",0.214,NA,9.98,32.18,21.55
"219","Kaibab_low","Pix4D","Double","Original","Optimal",99,4,90,90,153,NA,356.85,115.36,55883628,0.133,"0.13400000000000001",0.214,NA,5.65,109.71,31.98
"220","Kaibab_low","Pix4D","Double","Quarter","High",99,4,90,90,153,NA,60,13.78,9299173,0.133,"0.13400000000000001",0.214,NA,4.93,8.85,17.73
"221","Kaibab_low","Pix4D","Double","Quarter","Low",99,4,90,90,153,NA,4.225,7.79,653702,0.133,"0.13400000000000001",0.214,NA,5.35,2.44,15.93
"222","Kaibab_low","Pix4D","Double","Quarter","Optimal",99,4,90,90,153,NA,21.536,11.05,3275622,0.133,"0.13400000000000001",0.214,NA,5.14,5.91,17.05
"223","Kaibab_low","Pix4D","Eighth","Eighth","High",99,4,90,90,153,NA,18.03,6.33,2729644,0.111,"0.11",0.174,NA,2.6,3.73,16.3
"224","Kaibab_low","Pix4D","Eighth","Eighth","Low",99,4,90,90,153,NA,0.902,4.49,135569,0.111,"0.11",0.174,NA,3.04,1.45,14.8
"225","Kaibab_low","Pix4D","Eighth","Eighth","Optimal",99,4,90,90,153,NA,4.852,4.06,725976,0.111,"0.11",0.174,NA,2.04,2.02,16.09
"226","Kaibab_low","Pix4D","Eighth","Half","High",99,4,90,90,153,NA,305.253,71.7,47532611,0.111,"0.11",0.174,NA,2.52,69.18,20.57
"227","Kaibab_low","Pix4D","Eighth","Half","Low",99,4,90,90,153,NA,24.979,8.55,3820953,0.111,"0.11",0.174,NA,2.65,5.9,24.41
"228","Kaibab_low","Pix4D","Eighth","Half","Optimal",99,4,90,90,153,NA,90.458,26.5,13874465,0.111,"0.11",0.174,NA,2.57,23.93,20.35
"229","Kaibab_low","Pix4D","Eighth","Original","High",99,4,90,90,153,NA,1299.973,388.06,206320807,0.115,"0.113",0.175,NA,3.41,384.65,59.33
"230","Kaibab_low","Pix4D","Eighth","Original","Low",99,4,90,90,153,NA,103.345,37.2,15891583,0.115,"0.113",0.175,NA,2.8,34.4,22.75
"231","Kaibab_low","Pix4D","Eighth","Original","Optimal",99,4,90,90,153,NA,340.287,116.93,53078872,0.115,"0.113",0.175,NA,2.86,114.07,34.88
"232","Kaibab_low","Pix4D","Eighth","Quarter","High",99,4,90,90,153,NA,73.52,19.77,11196058,0.115,"0.113",0.175,NA,2.86,16.91,22.22
"233","Kaibab_low","Pix4D","Eighth","Quarter","Low",99,4,90,90,153,NA,5.416,5.86,812229,0.115,"0.113",0.175,NA,2.86,3,19.46
"234","Kaibab_low","Pix4D","Eighth","Quarter","Optimal",99,4,90,90,153,NA,20.507,9.21,3108256,0.115,"0.113",0.175,NA,2.88,6.33,20.65
"235","Kaibab_low","Pix4D","Half","Eighth","High",99,4,90,90,153,NA,19.208,8.47,2914977,0.088,"8.8999999999999996E-2",0.142,NA,4.35,4.12,17.25
"236","Kaibab_low","Pix4D","Half","Eighth","Low",99,4,90,90,153,NA,1.488,6.21,218725,0.088,"8.8999999999999996E-2",0.142,NA,4.31,1.9,16.37
"237","Kaibab_low","Pix4D","Half","Eighth","Optimal",99,4,90,90,153,NA,5.453,7.3,818139,0.088,"8.8999999999999996E-2",0.142,NA,4.67,2.63,17.67
"238","Kaibab_low","Pix4D","Half","Half","High",99,4,90,90,153,NA,216.405,41.32,34888439,0.088,"8.8999999999999996E-2",0.142,NA,5.52,35.8,25.98
"239","Kaibab_low","Pix4D","Half","Half","Low",99,4,90,90,153,NA,15.884,7.93,2547782,0.088,"8.8999999999999996E-2",0.142,NA,4.23,3.7,16.25
"240","Kaibab_low","Pix4D","Half","Half","Optimal",99,4,90,90,153,NA,60.397,17.37,9653604,0.088,"8.8999999999999996E-2",0.142,NA,6.12,11.25,17.17
"241","Kaibab_low","Pix4D","Half","Original","High",99,4,90,90,153,NA,1339.514,268.8,209109262,0.088,"8.8999999999999996E-2",0.142,NA,5.37,263.43,37.2
"242","Kaibab_low","Pix4D","Half","Original","Low",99,4,90,90,153,NA,57.592,17.73,9588715,0.088,"8.8999999999999996E-2",0.142,NA,5.64,12.09,17.31
"243","Kaibab_low","Pix4D","Half","Original","Optimal",99,4,90,90,153,NA,200.228,42.25,33179626,0.088,"8.8999999999999996E-2",0.142,NA,5.54,36.71,29.41
"244","Kaibab_low","Pix4D","Half","Quarter","High",99,4,90,90,153,NA,76.372,18.65,11652060,0.088,"8.8999999999999996E-2",0.142,NA,4.43,14.22,18.63
"245","Kaibab_low","Pix4D","Half","Quarter","Low",99,4,90,90,153,NA,5.931,8.39,891448,0.088,"8.8999999999999996E-2",0.142,NA,5.91,2.48,18.71
"246","Kaibab_low","Pix4D","Half","Quarter","Optimal",99,4,90,90,153,NA,21.629,11.11,3282150,0.088,"8.8999999999999996E-2",0.142,NA,4.71,6.4,6.4
"247","Kaibab_low","Pix4D","Original","Eighth","High",99,4,90,90,153,NA,19.352,8.33,2937897,0.12,"0.121",0.194,NA,4.35,3.98,16.73
"248","Kaibab_low","Pix4D","Original","Eighth","Low",99,4,90,90,153,NA,1.308,6.32,194562,0.12,"0.121",0.194,NA,4.62,1.7,16.05
"249","Kaibab_low","Pix4D","Original","Eighth","Optimal",99,4,90,90,153,NA,4.765,6.86,719886,0.12,"0.121",0.194,NA,4.46,2.4,16.15
"250","Kaibab_low","Pix4D","Original","Half","High",99,4,90,90,153,NA,212.847,40.57,34080522,0.12,"0.121",0.194,NA,6.05,34.52,21.83
"251","Kaibab_low","Pix4D","Original","Half","Low",99,4,90,90,153,NA,15.344,8.7,2443420,0.12,"0.121",0.194,NA,4.55,4.15,16.52
"252","Kaibab_low","Pix4D","Original","Half","Optimal",99,4,90,90,153,NA,57.877,15.35,9176089,0.12,"0.121",0.194,NA,4.4,10.95,18.02
"253","Kaibab_low","Pix4D","Original","Original","High",99,4,90,90,153,NA,1288.688,244.27,205607152,0.12,"0.121",0.194,NA,4.54,239.73,36.25
"254","Kaibab_low","Pix4D","Original","Original","Low",99,4,90,90,153,NA,108.14,40.5,16679946,0.12,"0.121",0.194,NA,5.55,34.95,20.5
"255","Kaibab_low","Pix4D","Original","Original","Optimal",99,4,90,90,153,NA,371.733,111.13,58176814,0.12,"0.121",0.194,NA,4.48,106.65,28.95
"256","Kaibab_low","Pix4D","Original","Quarter","High",99,4,90,90,153,NA,76.718,18.97,11706923,0.12,"0.121",0.194,NA,4.3,14.67,18.77
"257","Kaibab_low","Pix4D","Original","Quarter","Low",99,4,90,90,153,NA,5.974,7.12,898723,0.12,"0.121",0.194,NA,4.45,2.67,17.04
"258","Kaibab_low","Pix4D","Original","Quarter","Optimal",99,4,90,90,153,NA,21.63,9.77,3284505,0.12,"0.121",0.194,NA,4.54,5.23,16.9
"259","Kaibab_low","Pix4D","Quarter","Eighth","High",99,4,90,90,153,NA,18.791,7.07,2846694,0.089,"0.09",0.144,NA,3.27,3.8,16.45
"260","Kaibab_low","Pix4D","Quarter","Eighth","Low",99,4,90,90,153,NA,1.373,5.54,200856,0.089,"0.09",0.144,NA,3.71,1.83,16.73
"261","Kaibab_low","Pix4D","Quarter","Eighth","Optimal",99,4,90,90,153,NA,5.2,5.48,778421,0.089,"0.09",0.144,NA,3.15,2.33,15.63
"262","Kaibab_low","Pix4D","Quarter","Half","High",99,4,90,90,153,NA,315.392,71.34,49156313,0.089,"0.09",0.144,NA,2.75,68.59,26.12
"263","Kaibab_low","Pix4D","Quarter","Half","Low",99,4,90,90,153,NA,25.8,9.23,3942338,0.089,"0.09",0.144,NA,2.59,6.64,16.2
"264","Kaibab_low","Pix4D","Quarter","Half","Optimal",99,4,90,90,153,NA,93.631,21.21,14374001,0.089,"0.09",0.144,NA,3.5,17.71,16.86
"265","Kaibab_low","Pix4D","Quarter","Original","High",99,4,90,90,153,NA,1276.106,241.64,204131569,0.089,"0.09",0.144,NA,2.84,238.8,35.18
"266","Kaibab_low","Pix4D","Quarter","Original","Low",99,4,90,90,153,NA,110.727,36.15,17089802,0.089,"0.09",0.144,NA,2.86,33.29,26.14
"267","Kaibab_low","Pix4D","Quarter","Original","Optimal",99,4,90,90,153,NA,365.769,118.31,57305776,0.089,"0.09",0.144,NA,3.04,115.27,31.15
"268","Kaibab_low","Pix4D","Quarter","Quarter","High",99,4,90,90,153,NA,75.012,16.82,11432229,0.089,"0.09",0.144,NA,2.8,14.02,16.71
"269","Kaibab_low","Pix4D","Quarter","Quarter","Low",99,4,90,90,153,NA,5.648,5.87,846506,0.089,"0.09",0.144,NA,3.6,2.27,16.85
"270","Kaibab_low","Pix4D","Quarter","Quarter","Optimal",99,4,90,90,153,NA,20.969,7.99,3179549,0.089,"0.09",0.144,NA,2.52,5.47,16.67
"271","N1","Pix4D","Double","Eighth","High",90,4,90,90,154,NA,20.825,11.61,3218573,0.117,"0.11600000000000001",0.187,NA,6.43,5.18,17.93
"272","N1","Pix4D","Double","Eighth","Low",90,4,90,90,154,NA,1.613,12.26,241195,0.117,"0.11600000000000001",0.187,NA,10.09,2.17,17.17
"273","N1","Pix4D","Double","Eighth","Optimal",90,4,90,90,154,NA,5.902,9.13,902011,0.117,"0.11600000000000001",0.187,NA,6.27,2.86,17.5
"274","N1","Pix4D","Double","Half","High",90,4,90,90,154,NA,323.315,76.83,50803447,0.117,"0.11600000000000001",0.187,NA,6.28,70.55,27.52
"275","N1","Pix4D","Double","Half","Low",90,4,90,90,154,NA,25.335,12.18,3908941,0.117,"0.11600000000000001",0.187,NA,5.59,6.59,15.65
"276","N1","Pix4D","Double","Half","Optimal",90,4,90,90,154,NA,92.49,32.48,14330339,0.117,"0.11600000000000001",0.187,NA,6.05,26.43,19.6
"277","N1","Pix4D","Double","Original","High",90,4,90,90,154,NA,1309.306,258.16,210714124,0.117,"0.11600000000000001",0.187,NA,8.33,249.83,56.2
"278","N1","Pix4D","Double","Original","Low",90,4,90,90,154,NA,104.509,35.42,16223805,0.117,"0.11600000000000001",0.187,NA,6.57,28.85,17.93
"279","N1","Pix4D","Double","Original","Optimal",90,4,90,90,154,NA,365.255,122.65,57490221,0.117,"0.11600000000000001",0.187,NA,5.22,117.43,31.78
"280","N1","Pix4D","Double","Quarter","High",90,4,90,90,154,NA,81.79,24.65,12667178,0.117,"0.11600000000000001",0.187,NA,5.8,18.85,20.35
"281","N1","Pix4D","Double","Quarter","Low",90,4,90,90,154,NA,6.24,9.35,952702,0.117,"0.11600000000000001",0.187,NA,6.2,3.15,16.18
"282","N1","Pix4D","Double","Quarter","Optimal",90,4,90,90,154,NA,22.929,13.91,3537548,0.117,"0.11600000000000001",0.187,NA,6.77,7.14,17.15
"283","N1","Pix4D","Eighth","Eighth","High",90,4,90,90,154,NA,19.892,5.94,3061166,0.122,"0.128",0.189,NA,1.29,4.65,15.8
"284","N1","Pix4D","Eighth","Eighth","Low",90,4,90,90,154,NA,1.407,5.71,208988,0.122,"0.128",0.189,NA,3.71,2,15.04
"285","N1","Pix4D","Eighth","Eighth","Optimal",90,4,90,90,154,NA,5.469,3.37,831769,0.122,"0.128",0.189,NA,1.25,2.12,16.5
"286","N1","Pix4D","Eighth","Half","High",90,4,90,90,154,NA,304.678,78.25,47734679,0.122,"0.128",0.189,NA,1.5,76.75,27.8
"287","N1","Pix4D","Eighth","Half","Low",90,4,90,90,154,NA,25.095,9.36,3859169,0.122,"0.128",0.189,NA,1.43,7.93,16.79
"288","N1","Pix4D","Eighth","Half","Optimal",90,4,90,90,154,NA,88.067,31.19,13610490,0.122,"0.128",0.189,NA,1.54,29.65,19.23
"289","N1","Pix4D","Eighth","Original","High",90,4,90,90,154,NA,1343.079,372.58,215554284,0.122,"0.128",0.189,NA,1.38,371.2,46.57
"290","N1","Pix4D","Eighth","Original","Low",90,4,90,90,154,NA,101.619,34.49,15716231,0.122,"0.128",0.189,NA,1.9,32.59,20.27
"291","N1","Pix4D","Eighth","Original","Optimal",90,4,90,90,154,NA,340.267,113.78,53350291,0.122,"0.128",0.189,NA,1.6,112.18,33.23
"292","N1","Pix4D","Eighth","Quarter","High",90,4,90,90,154,NA,76.592,17.27,11827201,0.122,"0.128",0.189,NA,1.32,15.95,16.17
"293","N1","Pix4D","Eighth","Quarter","Low",90,4,90,90,154,NA,5.819,3.93,884145,0.122,"0.128",0.189,NA,1.25,2.68,16.7
"294","N1","Pix4D","Eighth","Quarter","Optimal",90,4,90,90,154,NA,21.496,7.91,3302633,0.122,"0.128",0.189,NA,1.32,6.59,16.1
"295","N1","Pix4D","Half","Eighth","High",90,4,90,90,154,NA,20.66,8.02,3194753,0.074,"7.2999999999999995E-2",0.118,NA,3.71,4.31,16.13
"296","N1","Pix4D","Half","Eighth","Low",90,4,90,90,154,NA,1.597,5.2,238847,0.074,"7.2999999999999995E-2",0.118,NA,3.45,1.75,17.22
"297","N1","Pix4D","Half","Eighth","Optimal",90,4,90,90,154,NA,5.841,5.87,893028,0.074,"7.2999999999999995E-2",0.118,NA,3.55,2.32,16.43
"298","N1","Pix4D","Half","Half","High",90,4,90,90,154,NA,321.677,86.03,50577985,0.074,"7.2999999999999995E-2",0.118,NA,5.46,80.57,25.43
"299","N1","Pix4D","Half","Half","Low",90,4,90,90,154,NA,25.601,13.24,3951802,0.074,"7.2999999999999995E-2",0.118,NA,4.64,8.6,17.57
"300","N1","Pix4D","Half","Half","Optimal",90,4,90,90,154,NA,92.738,33.93,14376497,0.074,"7.2999999999999995E-2",0.118,NA,5.48,28.45,22.07
"301","N1","Pix4D","Half","Original","High",90,4,90,90,154,NA,1312.66,290.05,211573360,0.074,"7.2999999999999995E-2",0.118,NA,4.64,285.41,60.15
"302","N1","Pix4D","Half","Original","Low",90,4,90,90,154,NA,105.879,35.6,16455783,0.074,"7.2999999999999995E-2",0.118,NA,3.62,31.98,21.15
"303","N1","Pix4D","Half","Original","Optimal",90,4,90,90,154,NA,365.38,126.09,57605224,0.074,"7.2999999999999995E-2",0.118,NA,4.25,121.84,32.42
"304","N1","Pix4D","Half","Quarter","High",90,4,90,90,154,NA,80.967,58.81,12557929,0.074,"7.2999999999999995E-2",0.118,NA,3.59,55.22,17.77
"305","N1","Pix4D","Half","Quarter","Low",90,4,90,90,154,NA,6.185,7.03,944561,0.074,"7.2999999999999995E-2",0.118,NA,3.98,3.05,12.71
"306","N1","Pix4D","Half","Quarter","Optimal",90,4,90,90,154,NA,22.707,10.28,3504459,0.074,"7.2999999999999995E-2",0.118,NA,3.55,6.73,17.4
"307","N1","Pix4D","Original","Eighth","High",90,4,90,90,154,NA,20.841,10.28,3221575,0.104,"0.10199999999999999",0.165,NA,4.88,5.4,18.17
"308","N1","Pix4D","Original","Eighth","Low",90,4,90,90,154,NA,1.623,5.89,242781,0.104,"0.10199999999999999",0.165,NA,4.24,1.65,16.5
"309","N1","Pix4D","Original","Eighth","Optimal",90,4,90,90,154,NA,5.924,7.66,905781,0.104,"0.10199999999999999",0.165,NA,4.96,2.7,15.22
"310","N1","Pix4D","Original","Half","High",90,4,90,90,154,NA,322.03,92.71,50607794,0.104,"0.10199999999999999",0.165,NA,4.54,88.17,33.35
"311","N1","Pix4D","Original","Half","Low",90,4,90,90,154,NA,25.451,12.56,3927066,0.104,"0.10199999999999999",0.165,NA,4.38,8.18,15.6
"312","N1","Pix4D","Original","Half","Optimal",90,4,90,90,154,NA,92.374,29.1,14313013,0.104,"0.10199999999999999",0.165,NA,4.65,24.45,18.35
"313","N1","Pix4D","Original","Original","High",90,4,90,90,154,NA,1269.917,268.15,208322292,0.104,"0.10199999999999999",0.165,NA,6.65,261.5,43.73
"314","N1","Pix4D","Original","Original","Low",90,4,90,90,154,NA,105.284,43.48,16349568,0.104,"0.10199999999999999",0.165,NA,6.6,36.88,20.48
"315","N1","Pix4D","Original","Original","Optimal",90,4,90,90,154,NA,364.868,128.8,57459312,0.104,"0.10199999999999999",0.165,NA,4.45,124.35,22.98
"316","N1","Pix4D","Original","Quarter","High",90,4,90,90,154,NA,81.301,20.68,12605767,0.104,"0.10199999999999999",0.165,NA,5.09,15.59,14.85
"317","N1","Pix4D","Original","Quarter","Low",90,4,90,90,154,NA,6.244,9.9,953552,0.104,"0.10199999999999999",0.165,NA,6.1,3.8,22.25
"318","N1","Pix4D","Original","Quarter","Optimal",90,4,90,90,154,NA,22.869,11.25,3528844,0.104,"0.10199999999999999",0.165,NA,4.77,6.48,24.46
"319","N1","Pix4D","Quarter","Eighth","High",90,4,90,90,154,NA,20.229,7.77,3129058,0.087,"8.5999999999999993E-2",0.138,NA,2.67,5.1,21.33
"320","N1","Pix4D","Quarter","Eighth","Low",90,4,90,90,154,NA,1.488,4.38,222141,0.087,"8.5999999999999993E-2",0.138,NA,2.52,1.86,16.55
"321","N1","Pix4D","Quarter","Eighth","Optimal",90,4,90,90,154,NA,5.612,4.84,857609,0.087,"8.5999999999999993E-2",0.138,NA,2.29,2.55,17.09
"322","N1","Pix4D","Quarter","Half","High",90,4,90,90,154,NA,317.943,83.6,50009970,0.087,"8.5999999999999993E-2",0.138,NA,2.98,80.62,38.86
"323","N1","Pix4D","Quarter","Half","Low",90,4,90,90,154,NA,25.191,10.46,3889243,0.087,"8.5999999999999993E-2",0.138,NA,2.48,7.98,21.45
"324","N1","Pix4D","Quarter","Half","Optimal",90,4,90,90,154,NA,91.655,31.22,14212587,0.087,"8.5999999999999993E-2",0.138,NA,3.15,28.07,23.1
"325","N1","Pix4D","Quarter","Original","High",90,4,90,90,154,NA,1303.194,266.78,208338309,0.087,"8.5999999999999993E-2",0.138,NA,2.3,264.48,40.29
"326","N1","Pix4D","Quarter","Original","Low",90,4,90,90,154,NA,105.074,41.73,16336233,0.087,"8.5999999999999993E-2",0.138,NA,3,38.73,21.83
"327","N1","Pix4D","Quarter","Original","Optimal",90,4,90,90,154,NA,361.472,121.23,57010197,0.087,"8.5999999999999993E-2",0.138,NA,1.98,119.25,31.45
"328","N1","Pix4D","Quarter","Quarter","High",90,4,90,90,154,NA,79.772,18.9,12375352,0.087,"8.5999999999999993E-2",0.138,NA,2.55,16.35,15.73
"329","N1","Pix4D","Quarter","Quarter","Low",90,4,90,90,154,NA,17.4,4.78,910440,0.087,"8.5999999999999993E-2",0.138,NA,2.38,2.4,5.965
"330","N1","Pix4D","Quarter","Quarter","Optimal",90,4,90,90,154,NA,22.205,9.05,3427404,0.087,"8.5999999999999993E-2",0.138,NA,2.48,6.57,16.7
"331","SQ02-04","Pix4D","Double","Eighth","High",80,90,85,4,157,NA,19.864,8.87,3110852,0.125,"0.125",0.2,NA,4.55,4.32,17.93
"332","SQ02-04","Pix4D","Double","Eighth","Low",80,90,85,4,157,NA,1.541,6.8,233898,0.125,"0.125",0.2,NA,5.07,1.73,16.14
"333","SQ02-04","Pix4D","Double","Eighth","Optimal",80,90,85,4,157,NA,5.595,10.31,866822,0.125,"0.125",0.2,NA,7.83,2.48,16.37
"334","SQ02-04","Pix4D","Double","Half","High",80,90,85,4,157,NA,339.012,51.5,54427729,0.125,"0.125",0.2,NA,3.86,47.64,29.02
"335","SQ02-04","Pix4D","Double","Half","Low",80,90,85,4,157,NA,26.414,11.23,4143963,0.125,"0.125",0.2,NA,4.78,6.45,15.25
"336","SQ02-04","Pix4D","Double","Half","Optimal",80,90,85,4,157,NA,97.549,21.2,15357990,0.125,"0.125",0.2,NA,4.24,16.96,15.93
"337","SQ02-04","Pix4D","Double","Original","High",80,90,85,4,157,NA,1498.836,318.5,248043677,0.125,"0.125",0.2,NA,3.79,314.71,57.93
"338","SQ02-04","Pix4D","Double","Original","Low",80,90,85,4,157,NA,115.365,28.02,18198636,0.125,"0.125",0.2,NA,3.93,24.09,20.77
"339","SQ02-04","Pix4D","Double","Original","Optimal",80,90,85,4,157,NA,404.702,73.01,65059853,0.125,"0.125",0.2,NA,4.79,68.22,23.2
"340","SQ02-04","Pix4D","Double","Quarter","High",80,90,85,4,157,NA,80.901,17.58,12725420,0.125,"0.125",0.2,NA,3.83,13.75,18.82
"341","SQ02-04","Pix4D","Double","Quarter","Low",80,90,85,4,157,NA,6.164,6.63,956437,0.125,"0.125",0.2,NA,3.96,2.67,16.27
"342","SQ02-04","Pix4D","Double","Quarter","Optimal",80,90,85,4,157,NA,22.697,12.69,3554136,0.125,"0.125",0.2,NA,7.4,5.29,17.42
"343","SQ02-04","Pix4D","Eighth","Eighth","High",80,90,85,4,157,NA,18.824,5.24,2946810,0.139,"0.14399999999999999",0.209,NA,1.6,3.64,15.88
"344","SQ02-04","Pix4D","Eighth","Eighth","Low",80,90,85,4,157,NA,1.26,3.13,190792,0.139,"0.14399999999999999",0.209,NA,1.38,1.75,15.45
"345","SQ02-04","Pix4D","Eighth","Eighth","Optimal",80,90,85,4,157,NA,5.044,2.88,779840,0.139,"0.14399999999999999",0.209,NA,1.09,1.79,15.86
"346","SQ02-04","Pix4D","Eighth","Half","High",80,90,85,4,157,NA,352.766,52.81,56597415,0.139,"0.14399999999999999",0.209,NA,1.41,51.4,28.32
"347","SQ02-04","Pix4D","Eighth","Half","Low",80,90,85,4,157,NA,28.707,7.05,4502545,0.139,"0.14399999999999999",0.209,NA,1.22,5.83,18.07
"348","SQ02-04","Pix4D","Eighth","Half","Optimal",80,90,85,4,157,NA,103.942,20.36,16356586,0.139,"0.14399999999999999",0.209,NA,1.4,18.96,15.12
"349","SQ02-04","Pix4D","Eighth","Original","High",80,90,85,4,157,NA,1488.911,327.13,246203272,0.139,"0.14399999999999999",0.209,NA,1.18,325.95,60.83
"350","SQ02-04","Pix4D","Eighth","Original","Low",80,90,85,4,157,NA,117.373,25.42,18493654,0.139,"0.14399999999999999",0.209,NA,1.32,24.1,17.62
"351","SQ02-04","Pix4D","Eighth","Original","Optimal",80,90,85,4,157,NA,388.196,67.94,62325383,0.139,"0.14399999999999999",0.209,NA,1.48,66.46,23.35
"352","SQ02-04","Pix4D","Eighth","Quarter","High",80,90,85,4,157,NA,82.162,12.9,12914081,0.139,"0.14399999999999999",0.209,NA,1.13,11.77,19.98
"353","SQ02-04","Pix4D","Eighth","Quarter","Low",80,90,85,4,157,NA,5.918,3.41,917641,0.139,"0.14399999999999999",0.209,NA,1.37,2.04,15.83
"354","SQ02-04","Pix4D","Eighth","Quarter","Optimal",80,90,85,4,157,NA,23.022,5.63,3602845,0.139,"0.14399999999999999",0.209,NA,1.23,4.4,16.41
"355","SQ02-04","Pix4D","Half","Eighth","High",80,90,85,4,157,NA,19.936,7.23,3123421,0.085,"8.5999999999999993E-2",0.137,NA,3.4,3.83,16.82
"356","SQ02-04","Pix4D","Half","Eighth","Low",80,90,85,4,157,NA,1.564,5.79,237261,0.085,"8.5999999999999993E-2",0.137,NA,3.96,1.83,15.75
"357","SQ02-04","Pix4D","Half","Eighth","Optimal",80,90,85,4,157,NA,5.642,6,874007,0.085,"8.5999999999999993E-2",0.137,NA,3.54,2.46,16.71
"358","SQ02-04","Pix4D","Half","Half","High",80,90,85,4,157,NA,344.24,59.29,55269033,0.085,"8.5999999999999993E-2",0.137,NA,3.52,55.77,30.3
"359","SQ02-04","Pix4D","Half","Half","Low",80,90,85,4,157,NA,27.013,10.15,4237310,0.085,"8.5999999999999993E-2",0.137,NA,4.38,5.77,16.52
"360","SQ02-04","Pix4D","Half","Half","Optimal",80,90,85,4,157,NA,99.566,21.88,15675478,0.085,"8.5999999999999993E-2",0.137,NA,3.88,18,19.09
"361","SQ02-04","Pix4D","Half","Original","High",80,90,85,4,157,NA,1548.986,345.9,256315771,0.085,"8.5999999999999993E-2",0.137,NA,3.67,342.23,55.55
"362","SQ02-04","Pix4D","Half","Original","Low",80,90,85,4,157,NA,119.245,30.94,18812969,0.085,"8.5999999999999993E-2",0.137,NA,3.09,27.85,21.65
"363","SQ02-04","Pix4D","Half","Original","Optimal",80,90,85,4,157,NA,413.109,96.44,66413923,0.085,"8.5999999999999993E-2",0.137,NA,3.65,92.79,31.57
"364","SQ02-04","Pix4D","Half","Quarter","High",80,90,85,4,157,NA,80.887,15.62,12726682,0.085,"8.5999999999999993E-2",0.137,NA,3.8,11.82,17.79
"365","SQ02-04","Pix4D","Half","Quarter","Low",80,90,85,4,157,NA,6.237,6.42,967388,0.085,"8.5999999999999993E-2",0.137,NA,3.62,2.8,16.98
"366","SQ02-04","Pix4D","Half","Quarter","Optimal",80,90,85,4,157,NA,22.756,9.45,3564321,0.085,"8.5999999999999993E-2",0.137,NA,4.95,4.5,16.29
"367","SQ02-04","Pix4D","Original","Eighth","High",80,90,85,4,157,NA,20.112,11.52,3152183,0.101,"0.10199999999999999",0.163,NA,7.07,4.45,17.32
"368","SQ02-04","Pix4D","Original","Eighth","Low",80,90,85,4,157,NA,1.601,9.23,243339,0.101,"0.10199999999999999",0.163,NA,7.18,2.05,17.25
"369","SQ02-04","Pix4D","Original","Eighth","Optimal",80,90,85,4,157,NA,5.74,7.65,890370,0.101,"0.10199999999999999",0.163,NA,5.15,2.5,16.91
"370","SQ02-04","Pix4D","Original","Half","High",80,90,85,4,157,NA,339.473,54.73,54532143,0.101,"0.10199999999999999",0.163,NA,3.83,50.9,22.3
"371","SQ02-04","Pix4D","Original","Half","Low",80,90,85,4,157,NA,26.819,10.41,4209913,0.101,"0.10199999999999999",0.163,NA,4.43,5.98,17.2
"372","SQ02-04","Pix4D","Original","Half","Optimal",80,90,85,4,157,NA,98.202,23.62,15468293,0.101,"0.10199999999999999",0.163,NA,4.85,18.77,20.59
"373","SQ02-04","Pix4D","Original","Original","High",80,90,85,4,157,NA,1531.42,335.37,253625398,0.101,"0.10199999999999999",0.163,NA,4.25,331.12,58.7
"374","SQ02-04","Pix4D","Original","Original","Low",80,90,85,4,157,NA,116.421,22.1,18379661,0.101,"0.10199999999999999",0.163,NA,3.65,18.45,14.98
"375","SQ02-04","Pix4D","Original","Original","Optimal",80,90,85,4,157,NA,407.528,95.12,65610956,0.101,"0.10199999999999999",0.163,NA,4.1,91.02,31.64
"376","SQ02-04","Pix4D","Original","Quarter","High",80,90,85,4,157,NA,81.046,20.3,12756110,0.101,"0.10199999999999999",0.163,NA,6.45,13.85,20.75
"377","SQ02-04","Pix4D","Original","Quarter","Low",80,90,85,4,157,NA,6.32,6.89,981455,0.101,"0.10199999999999999",0.163,NA,4.24,2.65,17.04
"378","SQ02-04","Pix4D","Original","Quarter","Optimal",80,90,85,4,157,NA,22.957,8.96,3597657,0.101,"0.10199999999999999",0.163,NA,4.82,4.14,16.85
"379","SQ02-04","Pix4D","Quarter","Eighth","High",80,90,85,4,157,NA,19.244,6.46,3016526,0.1,"0.1",0.159,NA,2.37,4.09,17.83
"380","SQ02-04","Pix4D","Quarter","Eighth","Low",80,90,85,4,157,NA,1.386,4,210023,0.1,"0.1",0.159,NA,2.25,1.75,15.91
"381","SQ02-04","Pix4D","Quarter","Eighth","Optimal",80,90,85,4,157,NA,5.235,4.24,810594,0.1,"0.1",0.159,NA,2.04,2.2,16.82
"382","SQ02-04","Pix4D","Quarter","Half","High",80,90,85,4,157,NA,349.6,60.82,56169434,0.1,"0.1",0.159,NA,1.67,59.15,31.82
"383","SQ02-04","Pix4D","Quarter","Half","Low",80,90,85,4,157,NA,27.131,8.62,4258871,0.1,"0.1",0.159,NA,2.35,6.27,16.85
"384","SQ02-04","Pix4D","Quarter","Half","Optimal",80,90,85,4,157,NA,101.458,20.67,15987218,0.1,"0.1",0.159,NA,2.17,18.5,20.29
"385","SQ02-04","Pix4D","Quarter","Original","High",80,90,85,4,157,NA,1534.749,267.78,254447040,0.1,"0.1",0.159,NA,1.9,265.88,41.55
"386","SQ02-04","Pix4D","Quarter","Original","Low",80,90,85,4,157,NA,120.208,27.88,18986816,0.1,"0.1",0.159,NA,1.86,26.02,16.8
"387","SQ02-04","Pix4D","Quarter","Original","Optimal",80,90,85,4,157,NA,414.077,113.69,66628528,0.1,"0.1",0.159,NA,1.65,112.04,31.85
"388","SQ02-04","Pix4D","Quarter","Quarter","High",80,90,85,4,157,NA,80.124,13.81,12615322,0.1,"0.1",0.159,NA,1.86,11.95,14.13
"389","SQ02-04","Pix4D","Quarter","Quarter","Low",80,90,85,4,157,NA,5.804,3.3,900010,0.1,"0.1",0.159,NA,1.15,2.15,15.1
"390","SQ02-04","Pix4D","Quarter","Quarter","Optimal",80,90,85,4,157,NA,22.142,7.3,3468996,0.1,"0.1",0.159,NA,2.9,4.4,16.6
"391","SQ09-02","Pix4D","Double","Eighth","High",80,4,90,85,157,NA,19.83,8.54,3106027,0.125,"0.125",0.2,NA,4.52,4.02,14.37
"392","SQ09-02","Pix4D","Double","Eighth","Low",80,4,90,85,157,NA,1.548,5.85,235003,0.125,"0.125",0.2,NA,4.05,1.8,13.88
"393","SQ09-02","Pix4D","Double","Eighth","Optimal",80,4,90,85,157,NA,5.586,6.72,865572,0.125,"0.125",0.2,NA,4.65,2.07,14.4
"394","SQ09-02","Pix4D","Double","Half","High",80,4,90,85,157,NA,338.73,60.98,54386495,0.125,"0.125",0.2,NA,6.6,54.38,27.65
"395","SQ09-02","Pix4D","Double","Half","Low",80,4,90,85,157,NA,26.434,9.34,4147497,0.125,"0.125",0.2,NA,4.54,4.8,14.43
"396","SQ09-02","Pix4D","Double","Half","Optimal",80,4,90,85,157,NA,97.283,23.17,15316887,0.125,"0.125",0.2,NA,4.35,18.82,17.77
"397","SQ09-02","Pix4D","Double","Original","High",80,4,90,85,157,NA,1494.333,314.47,247370330,0.125,"0.125",0.2,NA,3.9,310.57,57.4
"398","SQ09-02","Pix4D","Double","Original","Low",80,4,90,85,157,NA,115.388,31.05,18203973,0.125,"0.125",0.2,NA,4.68,26.37,15.73
"399","SQ09-02","Pix4D","Double","Original","Optimal",80,4,90,85,157,NA,405.007,89.45,65101926,0.125,"0.125",0.2,NA,7.31,82.14,22.07
"400","SQ09-02","Pix4D","Double","Quarter","High",80,4,90,85,157,NA,80.917,15.18,12727269,0.125,"0.125",0.2,NA,3.86,11.32,17.05
"401","SQ09-02","Pix4D","Double","Quarter","Low",80,4,90,85,157,NA,6.157,7.13,955054,0.125,"0.125",0.2,NA,3.91,3.22,16.68
"402","SQ09-02","Pix4D","Double","Quarter","Optimal",80,4,90,85,157,NA,22.693,9,3553786,0.125,"0.125",0.2,NA,3.73,5.27,16.35
"403","SQ09-02","Pix4D","Eighth","Eighth","High",80,4,90,85,157,NA,18.826,6.22,2947896,0.139,"0.14399999999999999",0.209,NA,1.68,4.54,16.45
"404","SQ09-02","Pix4D","Eighth","Eighth","Low",80,4,90,85,157,NA,1.271,5.62,192312,0.139,"0.14399999999999999",0.209,NA,1.1,4.52,14.3
"405","SQ09-02","Pix4D","Eighth","Eighth","Optimal",80,4,90,85,157,NA,5.089,3.36,786827,0.139,"0.14399999999999999",0.209,NA,1.54,1.82,14.93
"406","SQ09-02","Pix4D","Eighth","Half","High",80,4,90,85,157,NA,352.542,62.94,56555337,0.139,"0.14399999999999999",0.209,NA,1.35,61.59,29.73
"407","SQ09-02","Pix4D","Eighth","Half","Low",80,4,90,85,157,NA,28.479,6.21,4468637,0.139,"0.14399999999999999",0.209,NA,1.04,5.17,15.43
"408","SQ09-02","Pix4D","Eighth","Half","Optimal",80,4,90,85,157,NA,103.438,20.08,16279682,0.139,"0.14399999999999999",0.209,NA,1.35,18.73,19.83
"409","SQ09-02","Pix4D","Eighth","Original","High",80,4,90,85,157,NA,1486.195,331.17,245581838,0.139,"0.14399999999999999",0.209,NA,1.05,330.12,45.32
"410","SQ09-02","Pix4D","Eighth","Original","Low",80,4,90,85,157,NA,117.366,26.93,18491417,0.139,"0.14399999999999999",0.209,NA,1.33,25.6,20.45
"411","SQ09-02","Pix4D","Eighth","Original","Optimal",80,4,90,85,157,NA,388.362,114.72,62355125,0.139,"0.14399999999999999",0.209,NA,1.18,113.54,32.79
"412","SQ09-02","Pix4D","Eighth","Quarter","High",80,4,90,85,157,NA,82.211,13.49,12923123,0.139,"0.14399999999999999",0.209,NA,1.17,12.32,14.79
"413","SQ09-02","Pix4D","Eighth","Quarter","Low",80,4,90,85,157,NA,5.97,3.69,925697,0.139,"0.14399999999999999",0.209,NA,1.14,2.55,15.02
"414","SQ09-02","Pix4D","Eighth","Quarter","Optimal",80,4,90,85,157,NA,23.121,5.47,3617874,0.139,"0.14399999999999999",0.209,NA,1.17,4.3,18
"415","SQ09-02","Pix4D","Half","Eighth","High",80,4,90,85,157,NA,19.997,8.83,3132363,0.085,"8.5999999999999993E-2",0.137,NA,4.6,4.23,16.17
"416","SQ09-02","Pix4D","Half","Eighth","Low",80,4,90,85,157,NA,1.562,4.48,237020,0.085,"8.5999999999999993E-2",0.137,NA,3.48,1,16.2
"417","SQ09-02","Pix4D","Half","Eighth","Optimal",80,4,90,85,157,NA,5.635,6.64,872997,0.085,"8.5999999999999993E-2",0.137,NA,4.14,2.5,16.3
"418","SQ09-02","Pix4D","Half","Half","High",80,4,90,85,157,NA,343.58,59.8,55164690,0.085,"8.5999999999999993E-2",0.137,NA,3.32,56.48,30.04
"419","SQ09-02","Pix4D","Half","Half","Low",80,4,90,85,157,NA,27.018,11.32,4237961,0.085,"8.5999999999999993E-2",0.137,NA,5.1,6.22,15.4
"420","SQ09-02","Pix4D","Half","Half","Optimal",80,4,90,85,157,NA,99.711,19.52,15697392,0.085,"8.5999999999999993E-2",0.137,NA,3.2,16.32,15.25
"421","SQ09-02","Pix4D","Half","Original","High",80,4,90,85,157,NA,1588.519,263.09,255894038,0.085,"8.5999999999999993E-2",0.137,NA,3.32,259.77,41.1
"422","SQ09-02","Pix4D","Half","Original","Low",80,4,90,85,157,NA,119.205,27.12,18805691,0.085,"8.5999999999999993E-2",0.137,NA,3.52,23.6,20
"423","SQ09-02","Pix4D","Half","Original","Optimal",80,4,90,85,157,NA,420.471,68.19,66500865,0.085,"8.5999999999999993E-2",0.137,NA,3.96,64.23,27.55
"424","SQ09-02","Pix4D","Half","Quarter","High",80,4,90,85,157,NA,81.08,19.74,12756568,0.085,"8.5999999999999993E-2",0.137,NA,4.59,15.15,17.09
"425","SQ09-02","Pix4D","Half","Quarter","Low",80,4,90,85,157,NA,6.209,5.89,963115,0.085,"8.5999999999999993E-2",0.137,NA,3.43,2.46,16.48
"426","SQ09-02","Pix4D","Half","Quarter","Optimal",80,4,90,85,157,NA,22.698,8.84,3555222,0.085,"8.5999999999999993E-2",0.137,NA,3.69,5.15,18.07
"427","SQ09-02","Pix4D","Original","Eighth","High",80,4,90,85,157,NA,20.108,7.87,3151848,0.101,"0.10199999999999999",0.163,NA,4.02,3.85,16.59
"428","SQ09-02","Pix4D","Original","Eighth","Low",80,4,90,85,157,NA,1.602,6.02,243407,0.101,"0.10199999999999999",0.163,NA,4.17,1.85,17.4
"429","SQ09-02","Pix4D","Original","Eighth","Optimal",80,4,90,85,157,NA,5.732,6.38,889021,0.101,"0.10199999999999999",0.163,NA,3.83,2.55,16.14
"430","SQ09-02","Pix4D","Original","Half","High",80,4,90,85,157,NA,339.66,61.23,54560619,0.101,"0.10199999999999999",0.163,NA,4.05,57.18,31.02
"431","SQ09-02","Pix4D","Original","Half","Low",80,4,90,85,157,NA,26.776,11.15,4203383,0.101,"0.10199999999999999",0.163,NA,4.98,6.17,16.67
"432","SQ09-02","Pix4D","Original","Half","Optimal",80,4,90,85,157,NA,97.991,23.85,15435982,0.101,"0.10199999999999999",0.163,NA,5.33,18.52,19.91
"433","SQ09-02","Pix4D","Original","Original","High",80,4,90,85,157,NA,1531.325,322.82,253623364,0.101,"0.10199999999999999",0.163,NA,5.59,317.23,53.98
"434","SQ09-02","Pix4D","Original","Original","Low",80,4,90,85,157,NA,116.575,31.42,18401711,0.101,"0.10199999999999999",0.163,NA,6.77,24.65,20.85
"435","SQ09-02","Pix4D","Original","Original","Optimal",80,4,90,85,157,NA,408.247,87.6,65651132,0.101,"0.10199999999999999",0.163,NA,4.14,83.46,22.29
"436","SQ09-02","Pix4D","Original","Quarter","High",80,4,90,85,157,NA,81.052,17.66,12757746,0.101,"0.10199999999999999",0.163,NA,4.68,12.98,19.35
"437","SQ09-02","Pix4D","Original","Quarter","Low",80,4,90,85,157,NA,6.309,7.67,979744,0.101,"0.10199999999999999",0.163,NA,5.05,2.62,16.57
"438","SQ09-02","Pix4D","Original","Quarter","Optimal",80,4,90,85,157,NA,22.963,8.43,3598541,0.101,"0.10199999999999999",0.137,NA,4.23,4.2,17.29
"439","SQ09-02","Pix4D","Quarter","Eighth","High",80,4,90,85,157,NA,19.218,5.62,3012490,0.1,"0.1",0.159,NA,2.07,3.55,12.52
"440","SQ09-02","Pix4D","Quarter","Eighth","Low",80,4,90,85,157,NA,1.388,7.73,210282,0.1,"0.1",0.159,NA,5.93,1.8,19.4
"441","SQ09-02","Pix4D","Quarter","Eighth","Optimal",80,4,90,85,157,NA,5.206,3.92,806135,0.1,"0.1",0.159,NA,1.8,2.12,16.33
"442","SQ09-02","Pix4D","Quarter","Half","High",80,4,90,85,157,NA,350.066,51.81,56238184,0.1,"0.1",0.159,NA,1.64,50.17,28.85
"443","SQ09-02","Pix4D","Quarter","Half","Low",80,4,90,85,157,NA,27.133,9.11,4259320,0.1,"0.1",0.159,NA,2.52,6.59,17.05
"444","SQ09-02","Pix4D","Quarter","Half","Optimal",80,4,90,85,157,NA,101.416,18.86,15980324,0.1,"0.1",0.159,NA,1.71,17.15,17.46
"445","SQ09-02","Pix4D","Quarter","Original","High",80,4,90,85,157,NA,1536.014,276.02,254662849,0.1,"0.1",0.159,NA,1.57,274.45,48.25
"446","SQ09-02","Pix4D","Quarter","Original","Low",80,4,90,85,157,NA,120.076,24.59,18966497,0.1,"0.1",0.159,NA,1.71,22.88,14.57
"447","SQ09-02","Pix4D","Quarter","Original","Optimal",80,4,90,85,157,NA,413.81,90.65,66589478,0.1,"0.1",0.159,NA,1.83,88.82,31.29
"448","SQ09-02","Pix4D","Quarter","Quarter","High",80,4,90,85,157,NA,80.119,13.1,12613909,0.1,"0.1",0.159,NA,1.6,11.5,16.3
"449","SQ09-02","Pix4D","Quarter","Quarter","Low",80,4,90,85,157,NA,5.784,4.26,897073,0.1,"0.1",0.159,NA,1.71,2.55,17.2
"450","SQ09-02","Pix4D","Quarter","Quarter","Optimal",80,4,90,85,157,NA,22.18,6.56,3475214,0.1,"0.1",0.159,NA,1.6,4.96,16.4
"451","WA85-02","Pix4D","Double","Eighth","High",80,4,90,85,144,NA,18.84,9.57,2904738,0.182,"0.182",0.291,NA,6.37,3.2,15.46
"452","WA85-02","Pix4D","Double","Eighth","Low",80,4,90,85,144,NA,1.376,5.1,204995,0.182,"0.182",0.291,NA,3.35,1.75,13.97
"453","WA85-02","Pix4D","Double","Eighth","Optimal",80,4,90,85,144,NA,513,4.87,782758,0.182,"0.182",0.291,NA,2.75,2.12,15.59
"454","WA85-02","Pix4D","Double","Half","High",80,4,90,85,144,NA,349.294,32.48,55419309,0.182,"0.182",0.291,NA,2.57,29.91,21.52
"455","WA85-02","Pix4D","Double","Half","Low",80,4,90,85,144,NA,25.643,5.99,3961678,0.182,"0.182",0.291,NA,2.32,3.67,12.63
"456","WA85-02","Pix4D","Double","Half","Optimal",80,4,90,85,144,NA,98.503,18.86,15263081,0.182,"0.182",0.291,NA,3.57,15.29,18.41
"457","WA85-02","Pix4D","Double","Original","High",80,4,90,85,144,NA,1354.525,148.94,216041639,0.182,"0.182",0.291,NA,2.35,146.59,38.71
"458","WA85-02","Pix4D","Double","Original","Low",80,4,90,85,144,NA,110.784,18.66,17182616,0.182,"0.182",0.291,NA,2.35,16.31,14.57
"459","WA85-02","Pix4D","Double","Original","Optimal",80,4,90,85,144,NA,936.511,52.77,62935878,0.182,"0.182",0.291,NA,2.62,50.15,31.73
"460","WA85-02","Pix4D","Double","Quarter","High",80,4,90,85,144,NA,81.866,11.03,12683098,0.182,"0.182",0.291,NA,2.91,8.12,14.17
"461","WA85-02","Pix4D","Double","Quarter","Low",80,4,90,85,144,NA,5.784,5.1,884323,0.182,"0.182",0.291,NA,3.2,1.9,12.43
"462","WA85-02","Pix4D","Double","Quarter","Optimal",80,4,90,85,144,NA,22.103,6.06,3410529,0.182,"0.182",0.291,NA,2.75,3.31,12.6
"463","WA85-02","Pix4D","Eighth","Eighth","High",80,4,90,85,144,NA,15.076,3.2,2337516,0.276,"0.27100000000000002",0.423,NA,0.85,2.35,14.07
"464","WA85-02","Pix4D","Eighth","Eighth","Low",80,4,90,85,144,NA,1.032,1.66,153884,0.276,"0.27100000000000002",0.423,NA,0.48,1.18,11.65
"465","WA85-02","Pix4D","Eighth","Eighth","Optimal",80,4,90,85,144,NA,4.029,2.35,615916,0.276,"0.27100000000000002",0.423,NA,0.62,1.73,9.82
"466","WA85-02","Pix4D","Eighth","Half","High",80,4,90,85,144,NA,291.689,37.53,46601387,0.276,"0.27100000000000002",0.423,NA,0.48,37.05,18.55
"467","WA85-02","Pix4D","Eighth","Half","Low",80,4,90,85,144,NA,22.832,3.3,3547029,0.276,"0.27100000000000002",0.423,NA,0.5,2.8,12.02
"468","WA85-02","Pix4D","Eighth","Half","Optimal",80,4,90,85,144,NA,84.898,9.24,13216316,0.276,"0.27100000000000002",0.423,NA,0.57,8.67,14.85
"469","WA85-02","Pix4D","Eighth","Original","High",80,4,90,85,144,NA,1123.949,119.07,185002357,0.276,"0.27100000000000002",0.423,NA,0.59,118.48,48.82
"470","WA85-02","Pix4D","Eighth","Original","Low",80,4,90,85,144,NA,93.048,12.55,14512742,0.276,"0.27100000000000002",0.423,NA,0.64,11.91,15.52
"471","WA85-02","Pix4D","Eighth","Original","Optimal",80,4,90,85,144,NA,326.232,36.33,52013470,0.276,"0.27100000000000002",0.423,NA,0.6,35.73,19.91
"472","WA85-02","Pix4D","Eighth","Quarter","High",80,4,90,85,144,NA,71.177,6.93,11079490,0.276,"0.27100000000000002",0.423,NA,0.5,6.43,13.93
"473","WA85-02","Pix4D","Eighth","Quarter","Low",80,4,90,85,144,NA,4.966,2.12,762419,0.276,"0.27100000000000002",0.426,NA,0.5,1.62,13
"474","WA85-02","Pix4D","Eighth","Quarter","Optimal",80,4,90,85,144,NA,19.402,3.45,3008490,0.276,"0.27100000000000002",0.423,NA,0.5,2.95,12.05
"475","WA85-02","Pix4D","Half","Eighth","High",80,4,90,85,144,NA,19.784,5.81,3049673,0.122,"0.122",0.195,NA,3.22,2.59,13.8
"476","WA85-02","Pix4D","Half","Eighth","Low",80,4,90,85,144,NA,1.486,4.36,221325,0.122,"0.122",0.195,NA,2.57,1.79,18.04
"477","WA85-02","Pix4D","Half","Eighth","Optimal",80,4,90,85,144,NA,5.407,3.71,824975,0.122,"0.122",0.195,NA,2.12,1.59,13.29
"478","WA85-02","Pix4D","Half","Half","High",80,4,90,85,144,NA,381.862,42.88,60481238,0.122,"0.122",0.195,NA,3.02,39.86,21.93
"479","WA85-02","Pix4D","Half","Half","Low",80,4,90,85,144,NA,28.827,6.95,4446978,0.122,"0.122",0.195,NA,2.1,4.85,14.85
"480","WA85-02","Pix4D","Half","Half","Optimal",80,4,90,85,144,NA,109.868,17.61,16999583,0.122,"0.122",0.195,NA,2.07,15.54,18.98
"481","WA85-02","Pix4D","Half","Original","High",80,4,90,85,144,NA,1450.888,188.65,237342319,0.122,"0.122",0.195,NA,2.27,186.38,50.46
"482","WA85-02","Pix4D","Half","Original","Low",80,4,90,85,144,NA,121.784,19.53,18866071,0.122,"0.122",0.195,NA,2.75,16.78,16.57
"483","WA85-02","Pix4D","Half","Original","Optimal",80,4,90,85,144,NA,427.417,58.13,68211566,0.122,"0.122",0.195,NA,2.8,55.33,22.38
"484","WA85-02","Pix4D","Half","Quarter","High",80,4,90,85,144,NA,86.893,11.52,13444060,0.122,"0.122",0.195,NA,2.17,9.35,16.64
"485","WA85-02","Pix4D","Half","Quarter","Low",80,4,90,85,144,NA,6.286,5.19,960616,0.122,"0.122",0.195,NA,2.95,2.24,14.75
"486","WA85-02","Pix4D","Half","Quarter","Optimal",80,4,90,85,144,NA,23.794,6.93,3667191,0.122,"0.122",0.195,NA,2.73,4.2,13.6
"487","WA85-02","Pix4D","Original","Eighth","High",80,4,90,85,144,NA,19.681,5.48,3033449,0.141,"0.14199999999999999",0.227,NA,2.5,2.98,17.85
"488","WA85-02","Pix4D","Original","Eighth","Low",80,4,90,85,144,NA,1.485,3.78,221257,0.141,"0.14199999999999999",0.227,NA,2.43,1.35,13.42
"489","WA85-02","Pix4D","Original","Eighth","Optimal",80,4,90,85,144,NA,5.416,5.58,826195,0.141,"0.14199999999999999",0.227,NA,3.8,1.78,13.15
"490","WA85-02","Pix4D","Original","Half","High",80,4,90,85,144,NA,364.502,44.44,57753962,0.141,"0.14199999999999999",0.227,NA,2.37,42.07,31.48
"491","WA85-02","Pix4D","Original","Half","Low",80,4,90,85,144,NA,27.193,7.93,4196334,0.141,"0.14199999999999999",0.227,NA,2.98,4.95,14.1
"492","WA85-02","Pix4D","Original","Half","Optimal",80,4,90,85,144,NA,103.601,13.92,16034488,0.141,"0.14199999999999999",0.227,NA,2.38,11.54,17.37
"493","WA85-02","Pix4D","Original","Original","High",80,4,90,85,144,NA,1472.413,175.19,240836745,0.141,"0.14199999999999999",0.227,NA,2.46,172.73,54.37
"494","WA85-02","Pix4D","Original","Original","Low",80,4,90,85,144,NA,116.682,19.84,18076963,0.141,"0.14199999999999999",0.227,NA,2.55,17.29,17.17
"495","WA85-02","Pix4D","Original","Original","Optimal",80,4,90,85,144,NA,417.487,51.95,66157733,0.141,"0.14199999999999999",0.227,NA,2.8,49.15,25.9
"496","WA85-02","Pix4D","Original","Quarter","High",80,4,90,85,144,NA,85.317,9.81,13206493,0.141,"0.14199999999999999",0.227,NA,2.88,6.93,12.43
"497","WA85-02","Pix4D","Original","Quarter","Low",80,4,90,85,144,NA,6.129,5.23,936885,0.141,"0.14199999999999999",0.227,NA,2.96,2.27,14.07
"498","WA85-02","Pix4D","Original","Quarter","Optimal",80,4,90,85,144,NA,23.221,6.97,3580512,0.141,"0.14199999999999999",0.227,NA,2.95,4.02,15.35
"499","WA85-02","Pix4D","Quarter","Eighth","High",80,4,90,85,144,NA,18.269,4.77,2818358,0.149,"0.14899999999999999",0.238,NA,1.79,2.98,20.35
"500","WA85-02","Pix4D","Quarter","Eighth","Low",80,4,90,85,144,NA,1.267,3.17,188526,0.149,"0.14899999999999999",0.238,NA,1.52,1.65,16.27
"501","WA85-02","Pix4D","Quarter","Eighth","Optimal",80,4,90,85,144,NA,4.822,3.42,735345,0.149,"0.14899999999999999",0.238,NA,1.57,1.85,16.6
"502","WA85-02","Pix4D","Quarter","Half","High",80,4,90,85,144,NA,367.279,40.34,58305903,0.149,"0.14899999999999999",0.238,NA,2.27,38.07,30.14
"503","WA85-02","Pix4D","Quarter","Half","Low",80,4,90,85,144,NA,27.946,5.34,4319068,0.149,"0.14899999999999999",0.238,NA,1.38,3.96,10.9
"504","WA85-02","Pix4D","Quarter","Half","Optimal",80,4,90,85,144,NA,106.202,14.48,16465381,0.149,"0.14899999999999999",0.238,NA,1.24,13.24,18.71
"505","WA85-02","Pix4D","Quarter","Original","High",80,4,90,85,144,NA,1478.963,234.13,242748485,0.149,"0.14899999999999999",0.238,NA,1.33,232.8,51.09
"506","WA85-02","Pix4D","Quarter","Original","Low",80,4,90,85,144,NA,117.126,19.44,18176969,0.149,"0.14899999999999999",0.238,NA,1.42,18.02,17.52
"507","WA85-02","Pix4D","Quarter","Original","Optimal",80,4,90,85,144,NA,407.278,53.2,64709191,0.149,"0.14899999999999999",0.238,NA,1.2,52,22.33
"508","WA85-02","Pix4D","Quarter","Quarter","High",80,4,90,85,144,NA,82.994,8.9,12853349,0.149,"0.14899999999999999",0.238,NA,1.2,7.7,15.9
"509","WA85-02","Pix4D","Quarter","Quarter","Low",80,4,90,85,144,NA,5.704,2.75,871411,0.149,"0.14899999999999999",0.238,NA,1.15,1.6,13.83
"510","WA85-02","Pix4D","Quarter","Quarter","Optimal",80,4,90,85,144,NA,22.403,4.1,3454756,0.149,"0.14899999999999999",0.238,NA,1.15,2.95,13.77
